placeId:ID,name,aliases:string[],place_type,evidence:string[],:LABEL
L000001,建初陵,建昌陵,,開元二十八年七月十八日，詔改爲建初陵。|葬建初陵。|儀鳳二年五月一日，追封爲建昌陵。,Place
L000002,趙州昭慶縣,,,在趙州昭慶縣界。,Place
L000003,太極殿,太极殿,,丙子，皇太子即皇帝位于太極殿。|乘輿出自西房。...皇帝即御坐。東向坐。|甲申，梓宮遷御太極殿，集百官，發喪,Place
L000004,大安宮垂拱前殿,,,貞觀九年五月六日崩于大安宮垂拱前殿。,Place
L000005,京兆府三原縣,,,在京兆府三原縣界。|{{*|在京兆府三原縣界。}},Place
L000006,大明宮,,,生于大明宮。|改含元宮爲大明宮|戊寅，改含元宮為大明宮。,Place
L000007,太和殿,,,崩于大明宮之太和殿。|辛巳，皇帝崩于太和殿，年三十三。,Place
L000008,東宮,,,太宗幸東宮|生于東宮。|生于東內。,Place
L000009,咸寧殿,南內之咸寧殿,,七月辛巳，皇帝崩于咸寧殿，年四十一。|崩于咸寧殿。|順宗皇后王氏崩於南內之咸寧殿,Place
L000010,武德殿,,,出武德殿|崩于武德殿。|皇帝每日受朝於武德殿,Place
L000011,東都椒殿,,,弒于東都椒殿。,Place
L000012,章陵,,,葬元聖昭獻孝皇帝于章陵。|葬章陵。,Place
L000013,端陵,,,葬端陵。|壬申，葬至道昭肅孝皇帝于端陵。,Place
L000014,貞陵,,,二月丙申，葬聖武獻文孝皇帝于貞陵。|十月，貞陵隧陷。|葬貞陵。,Place
L000015,簡陵,,,葬簡陵。|乾符元年二月甲午，葬昭聖恭惠孝皇帝于簡陵。|肅祖墓曰簡陵,Place
L000016,靖陵,,,葬靖陵。|烈祖墓曰靖陵|乙丑...墓曰靖陵,Place
L000017,和陵,,,己酉，葬聖穆景文孝皇帝于和陵。|葬和陵。,Place
L000018,定陶鄉,濟陰之定陶鄉,,葬濟陰之定陶鄉。,Place
L000019,京兆府富平縣,,,{{*|在京兆府富平縣界。}},Place
L000020,京兆府雲陽縣,,,{{*|在京兆府雲陽縣界。}},Place
L000021,京兆府奉天縣,,,{{*|在京兆府奉天縣界。}},Place
L000022,河南府緱縣,,,{{*|在河南府緱縣界。}},Place
L000023,藩邸,,,生于藩邸。,Place
L000024,東內,,,生于東內。,Place
L000025,曹州,,,遷於曹州。|甲子，皇帝遜于位，徙于曹州,Place
L000026,奉天,,,上在奉天|從德宗幸奉天|朱泚犯奉天，禁軍敗績于城東。,Place
L000027,南郊,圜丘|郊丘,,親拜郊正月祈穀高祖武德初定令。孟春辛日祈穀。祭感帝于南郊。元帝配。牲用蒼犢二。舊唐書禮儀志。|于南郊告天畢議定|祀昊天上帝于圜丘,Place
L000028,紫宸殿,,,上御紫宸殿，册皇太子|因御紫宸殿,Place
L000029,宣政殿,,,上御宣政殿|乙巳，江王即皇帝位于宣政殿。|故事，册太子御宣政殿,Place
L000030,太廟,太庙|宗廟|東都太廟,,始祔於太廟之九廟|己酉，大風毀太廟鴟吻。|今請準禮，集百官連署諡狀訖，讀於太廟,Place
L000031,陵廟,,,陵廟中玉册旣刊矣,Place
L000032,合璧宮倚雲殿,,,薨于合璧宮倚雲殿,Place
L000033,房州,,,給復房州三年|召廬陵王于房州|又遷于房州,Place
L000034,集州,,,味道貶集州|左授趙、鄜、集、綏等州刺史|蘇味道集州刺史,Place
L000035,惠陵,,,乙丑...墓曰惠陵|葬惠陵,Place
L000036,齊陵,,,葬齊陵,Place
L000037,順陵,顯義陵,,顯義陵為順陵|制復武氏崇恩廟及昊陵、順陵|葬順陵,Place
L000038,北海郡,,,封北海郡王,Place
L000039,郯,,,封郯王,Place
L000040,文思殿,,,于文思殿博採古今集,Place
L000041,司成館,,,親釋奠司成館,Place
L000042,東都,东都|洛阳|洛陽|洛陽宮|神都,,甲辰，至自東都。|夏，四月，己未，車駕還東都|鳳閣侍郎李昭德始築之,Place
L000043,關中,,,關中先水後旱、蝗，繼以疾疫|六月，關中初雨|二年春正月，關中自去秋至於是月不雨,Place
L000044,掖庭,掖庭宮,,掖庭宮人|掖庭之選，有乖故實|掖庭內,Place
L000045,同州沙苑,,,同州沙苑地,Place
L000046,兩京,,,收復兩京|敕兩京諸州各置大雲寺一區,Place
L000047,京城,,,其壇在京城明德門外道東二里。|從平京城|京城寒甚,Place
L000048,黔中,,,死于黔中,Place
L000049,感業寺,,,高宗幸感業寺|居于感業寺|太宗崩，隨嬪御之例出家，爲尼感業寺。,Place
L000050,立政殿,,,貞觀十年五月二十六日，崩于立政殿。,Place
L000051,洛陽仙居殿,,,十二月二十六日，崩於洛陽仙居殿。,Place
L000052,上陽宮,,,崩於上陽宮之仙居殿|丁未，徙后于上陽宮。|徙居上陽宮,Place
L000053,乾陵,,,陪葬乾陵|五月，庚申，葬則天大聖皇后於乾陵|葬於乾陵,Place
L000054,內侍省,,,妃坐廢，幽死於內侍省。,Place
L000055,定陵,,,葬孝和皇帝於定陵|其夜，定陵寢殿災|葬於定陵,Place
L000056,東都掖庭,東都之掖庭,,天寶末，以胡寇犯闕……故爲賊所得，拘于東都之掖庭。,Place
L000057,兩儀殿,,,辛巳，宴群臣於兩儀殿|敕禮官於兩儀殿設別位|然後上諡于兩儀殿,Place
L000058,諸府,,,京城及諸府任舉樂音,Place
L000059,南詔,,,西川節度使李儀簡遣使往南詔告皇太后哀,Place
L000060,積善宮,太后宮,,中書門下奏請太后宮請以積善爲名，從之,Place
L000061,卧内,臥內,,見黃龍出入臥內,Place
L000062,六宫,六宮,,以備《周禮》六宮之數,Place
L000063,朝廷,,,宣於朝廷|蓋朝廷天下之本也,Place
L000064,天下,,,二月，禁斷天下採捕鯉魚。|十二月丙戌，天下置關三十。|頒下親撰《垂拱格》於天下,Place
L000065,宮闈,,,入侍宮闈,Place
L000066,崇陵,,,己酉，葬神武聖文皇帝于崇陵。|崇陵復土畢,Place
L000067,園寢,,,於園寢終三年之制,Place
L000068,闕下,,,貢至闕下,Place
L000069,延英,延英殿,,每延英對宰臣|每遇延英坐朝日,Place
L000070,陳州,陳,,曾祖故陳州刺史崇|以陳州言鳳凰見於宛丘|漂壞河南府及許、汝、仙、陳等州廬舍數千家,Place
L000071,大安宮,,,竊聞大安宮及掖庭內,Place
L000072,崇明門,,,赴崇明門待進止,Place
L000073,九僊門,,,聽其親戚迎於九僊門,Place
L000074,內園,,,幷配內園者,Place
L000075,兩街寺觀,,,送兩街寺觀,Place
L000076,紫宸,紫宸殿,,因紫宸對,Place
L000077,中宮,,,自是中宮前後所出,Place
L000078,朝堂,,,蘇良嗣遇僧懷義於朝堂|乙未，作無遮會於朝堂，鑿地為坑，深五丈|置之朝堂,Place
L000079,苑西,,,苑西守監穆裕,Place
L000080,寝殿侧院,寢殿側置一院,,太宗于寢殿側置一院，令太子居之,Place
L000081,东宫,東宮,,凶豎誠當夷滅，然上體不安，得無驚怛！諸公更爲後圖|徙居東宮|遣多祚、湛及內直郎、駙馬都尉安陽王同皎詣東宮迎太子,Place
L000082,命妇朝堂,命婦朝堂,,于命婦朝堂待進止,Place
L000083,鱼藻宫,魚藻宮,,德宗嘗泛舟魚藻宮水嬉,Place
L000084,太学,太學,,皇太子時幸太學,Place
L000085,崇明门,崇明門,,太子步自崇明門,Place
L000086,月华门,月華門,,入自月華門,Place
L000087,東宮內殿,,,生於東宮內殿,Place
L000088,嶺外,,,配徙嶺外|其子孫年幼者咸配流嶺外,Place
L000089,宮中,,,恣入宮中|瘞於宮中,Place
L000090,弘敎門,,,宴宮寮于弘敎門,Place
L000091,殿北門,,,自殿北門入,Place
L000092,安國寺東附苑城,安国寺东附苑城,,乃於安國寺東附苑城爲大宅，分院居之，名爲「十王宅」。,Place
L000093,十王宅,,,名爲「十王宅」。|十王宮人每院四百餘人...,Place
L000094,百孫院,百孙院,,百孫院三四十人。|外諸孫長成，又於十宅外置百孫院。,Place
L000095,華清宮,华清宫,,每歲幸華清宮，側亦有十王宅、百孫院。,Place
L000096,崇仁里,,,婚嫁則同親王、公主，於崇仁里之禮院。|開元中，置禮會院于崇仁里,Place
L000097,夾城,夹城,,於夾城中起居，每日家令進膳。,Place
L000098,維城庫,维城库,,又於宮中置維城庫，以給諸王月俸。,Place
L000099,絳州,,,絳州刺史|丙辰，絳州刺史、鄭王元懿薨。|並、汾、絳三州地震,Place
L000100,徐州,,,……徐州刺史司馬金皇而已。|十月戊戌，免徐、宿、濠、泗四州三歲稅役。|遷徐州,Place
L000101,定州,定,,寇定州，刺史孫彥高死之|乙卯，陷定州|弘泰言昌宗有天子相，勸於定州造佛寺,Place
L000102,神都,東都|洛阳|洛陽(史称),,癸巳，復于神都。|戊寅，還神都。|七月丙辰，神都大雨，洛水溢。,Place
L000103,江陵,,,璘至江陵，召募將土數萬人|朱全忠陷江陵|江陵人俞文俊,Place
L000104,廣陵,,,遂擅領舟師東下，甲仗五千人，趨廣陵,Place
L000105,龍門東岑,,,孩孺而薨，時駕在東都，葬於城南龍門東岑,Place
L000106,北苑,,,詔幽泰於北苑,Place
L000107,酅國,,,酅國、代國、霍國是也,Place
L000108,代國,,,酅國、代國、霍國是也,Place
L000109,霍國,,,酅國、代國、霍國是也,Place
L000110,平陽,,,平陽、宣陽、東陽是也,Place
L000111,宣陽,,,平陽、宣陽、東陽是也,Place
L000112,東陽,,,平陽、宣陽、東陽是也,Place
L000113,太平,,,太平、安樂、長寧是也,Place
L000114,安樂,,,太平、安樂、長寧是也,Place
L000115,長寧,,,太平、安樂、長寧是也,Place
L000116,宿國,,,改封宿國,Place
L000117,蕭國,,,封蕭國,Place
L000118,衛國,,,封衛國,Place
L000119,楚國,,,封楚國,Place
L000120,宋國,,,封宋國,Place
L000121,齊國,,,封齊國,Place
L000122,郜國,,,封郜國,Place
L000123,虢國,,,封虢國,Place
L000124,郯國,,,封郯國,Place
L000125,紀國,,,封紀國,Place
L000126,趙國,,,贈趙國,Place
L000127,韓國,,,贈韓國,Place
L000128,魏國,,,贈魏國,Place
L000129,鄭國,,,贈鄭國,Place
L000130,晉國,,,贈晉國,Place
L000131,梁國,,,贈梁國,Place
L000132,燕國,,,贈燕國,Place
L000133,鄠縣,鄠縣莊,,公主于鄠縣莊散家資招引山中亡命,Place
L000134,盩厔,,,略地至盩厔、武功、始平，皆下之,Place
L000135,武功,,,略地至盩厔、武功、始平，皆下之,Place
L000136,始平,金城县,,略地至盩厔、武功、始平，皆下之|己卯，如始平。|癸未，至自始平。,Place
L000137,渭北,,,公主引精兵萬餘與太宗會于渭北,Place
L000138,薦福寺,,,令于舊宅而改創焉，卽薦福寺是也|幸薦福寺,Place
L000139,虔化門,,,入虔化門|公主必送出虔化門,Place
L000140,光順門,,,合前一日於光順門行五禮,Place
L000141,宣政門,,,册使出宣政門,Place
L000142,興禮門,,,便自興禮門出,Place
L000143,延英門,延英,,各赴延英、光順門進册,Place
L000144,少陵原,,,葬衞國公主於少陵原,Place
L000145,延興門,,,上與郭淑妃御延興門哭送,Place
L000146,吐谷渾,,,降吐谷渾慕容諸葛鉢。|三月，以吐谷渾青海王宣超為烏地也拔勤忠可汗。,Place
L000147,吐蕃,,,以討吐蕃|岑長倩為武威道行軍大總管，以擊吐蕃。|吐蕃遣其大臣悉薰熱入貢,Place
L000148,河源,,,吐蕃寇河源|弄讚親迎于河源|河源、積石、懷遠等軍,Place
L000149,回鶻,回紇,,出降回紇天親可汗|出降回鶻英武威遠毘伽可汗,Place
L000150,契丹,,,立其酋長李過折為契丹王|使將兵擊契丹餘黨，悉平之。|契丹衙官可突干殺其主李召固,Place
L000151,奚,,,奚部落亦隨西叛|出降奚首領李大酺,Place
L000152,突厥,,,往突厥|翻歸突厥|冬，十月，突厥默啜遣使請降,Place
L000153,突騎施,,,出降突騎施可汗蘇祿。,Place
L000154,寧國,,,出降寧國奉化王。,Place
L000155,松漠,,,契丹首領松漠都督李鬱於|契丹松漠郡王|松漠都督,Place
L000156,饒樂,,,饒樂都督|奚首領饒樂都督李魯蘇,Place
L000157,始平县,金城县,,改始平县为金城县|幸始平县,Place
L000158,金城县,,,改始平县为金城县,Place
L000159,凤台乡怆别里,,,又改地为凤台乡怆别里,Place
L000160,赤岭,,,请以今年九月一日，树碑于赤岭，定蕃、汉界,Place
L000161,剑南,,,吐蕃遣其臣随汉使人分往剑南及河西碛,Place
L000162,河西碛,,,吐蕃遣其臣随汉使人分往剑南及河西碛,Place
L000163,麟德殿,,,命公主见合阙于麟德殿|宴論彌薩於麟德殿|九月辛亥，百僚具新服，上宴之於麟德殿。,Place
L000164,延喜门,,,上御延喜门，禁妇人及车舆观者,Place
L000165,鸿胪寺,,,馆于鸿胪寺、将作监|令中书舍人王起赴鸿胪寺宣示回纥等使,Place
L000166,将作监,,,馆于鸿胪寺、将作监,Place
L000167,通化门,,,上以半仗御通化门送之,Place
L000168,章敬寺,,,百寮于章敬寺门立班|敕常参官于章敬寺前立班,Place
L000169,长乐驿,,,从长乐驿迎公主入城,Place
L000170,光化门,,,回从光化门入内,Place
L000171,兴庆宫,,,赴兴庆宫贺太皇太后,Place
L000172,光顺门,,,于光顺门内脱去簪珥，变服请罪,Place
L000173,太庙,,,親謁太廟|太后祀太廟|太和公主便赴太庙，谒宪宗、穆宗二室,Place
L000174,朔州,,,上令朔州及太原分留回纥七百余人|突厥骨篤祿、元珍寇朔州...|突厥骨咄祿、元珍寇朔州,Place
L000175,太原,晋阳,,上令朔州及太原分留回纥七百余人|十三年，拜太原留守|高祖謀欲還兵太原,Place
L000176,泰山,东岳|介丘|太山|岱宗|岱岳|岱嶽|東岳,,封于泰山|仗衛羅列嶽下百餘里|赴東岳,Place
L000177,社首山,社首,,西去社首山三里|禪于社首|辛卯，享皇地祇於社首之泰折壇,Place
L000178,梁甫,梁父,,梁甫、社首二山，並是古昔禪祭之所|請禪梁甫,Place
L000179,嵩岳,中岳|嵩山|神岳,,至自嵩嶽|前詔封嵩山，宜停|遣使祭嵩岳,Place
L000180,少室山,少室,,丁亥，禪于少室山。|遣給事中欒城閻朝隱禱少室山|禪於少室山,Place
L000181,洛陽,東都|永昌|洛陽市|洛陽縣|雒陽,,壬子，洛陽城東七里許，地色如水，側近樹木、往來車馬歷歷影見水中，經月餘乃滅。|以實洛陽|如東都,Place
L000182,齊州,,,青、齊等州海泛溢|御齊州大廳,Place
L000183,圆台,封坛|山上坛,,山上作圓臺四階，謂之封壇|立圓臺於山上，廣五丈，高九尺，土色各依其方,Place
L000184,方坛,石䃭,,臺上有方石再累，謂之石䃭|又於圓臺上起方壇，廣一丈二尺，高九尺,Place
L000185,山下坛,圜丘坛|泰折坛,,又爲圓壇於山下，三成，十二階，如圜丘之制|辛卯，享皇地祇於社首之泰折壇,Place
L000186,圜丘,圜丘壇,,祀昊天上帝于圜丘|圜丘壇。北辰北斗天一。太一。紫微五帝座。,Place
L000187,明德門外,,,其壇在京城明德門外道東二里。,Place
L000188,明堂,明堂之庭|萬象神宮,,初，明堂既成，太后命僧懷義作夾紵大像|丁巳，復作明堂，改曰通天宮。|重造明堂成,Place
L000189,方丘,北郊,,祭地于澤中之方丘。在國之北。|方丘皇地祇,Place
L000190,內壝,,,外官百十二座。在壇下外壝之內。|眾星三百六十。在內壝之外。,Place
L000191,外壝,,,眾星三百六十座。在外壝之外。,Place
L000192,行宮,,,一日於行宮。|皇帝停大次半刻頃。|致齋於行宮,Place
L000193,大次,,,前祀三日。尚舍直長施大次於外壝東門之內道北。,Place
L000194,壝,內壝|外壝,,上辛雩祀內壝。|施大次於外壝東門之內道北。,Place
L000195,燎壇,,,郊社令積柴於燎壇。其壇於神壇之壬丙地。,Place
L000196,承天門,,,甲辰，安國相王即皇帝位于承天門|七月己巳，睿宗御承天門|守宮設從祀官五品以上次於承天門外。,Place
L000197,太清宮,元元觀|宏道觀,,二年正月己丑，朝獻于太清宮。|是日，朝獻于太清宮。|會昌元年正月己卯，朝獻于太清宮。,Place
L000198,东郊,東郊,,開元二十六年正月丁丑。迎氣于東郊。唐書元宗本紀。|開元二十六年。又親往東郊迎氣。祀青帝。以勾芒配。...其壇本在春明門外。元宗以配所隘狹。始移于滻水之東面。,Place
L000199,藉田,千畝之甸|帝藉,,貞觀三年正月癸亥。親耕藉田。舊唐書太宗本紀。|皇帝孟春吉亥。享先農。遂以耕藉。...太常卿帥其屬耕于千畝。,Place
L000200,先农坛,先農壇|帝社壇,,則天時。改藉田壇為先農。舊唐書禮儀志。|開元二十三年正月十八日。親祀先農。禮畢。降至耕位。,Place
L000201,九宫坛,九宮貴神壇,,天寶三載。有術士蘇嘉慶上言。請于京東朝日壇東。置九宮貴神壇。...四孟月祭。...元宗親祀之。,Place
L000202,长安,京城|京师|大兴,,遂克京城|十一月丙辰，克京城|戊寅，吐蕃陷京師,Place
L000203,霍邑,,,八月辛巳，敗宋老生于霍邑|唐兵西，將至霍邑,Place
L000204,江都,,,煬帝遣使者執高祖詣江都|煬帝南遊江都,Place
L000205,晋祠,,,謀因禱雨晉祠以圖高祖,Place
L000206,太极殿,太極殿,,發喪於太極殿|乙巳，即皇帝位于太極殿。|癸亥，即皇帝位于太極殿。,Place
L000207,鴈門,雁门,,突厥圍煬帝鴈門,Place
L000208,崞縣,崞县,,軍至崞縣,Place
L000209,西河,,,太宗率兵徇西河，斬其郡丞高德儒,Place
L000210,長安,长安,,唐兵攻長安，太宗屯金城坊|...分就大理、京兆、萬年、長安等獄...|唐太廟之在長安者，更命曰享德廟,Place
L000211,淺水原,浅水原,,乃遣行軍總管梁實柵淺水原,Place
L000212,柏壁,,,屯于柏壁,Place
L000213,虎牢,,,太宗敗建德于虎牢,Place
L000214,玄武門,玄武门,,隆基勒兵玄武門外|上乃與韋後、安樂公主、上官婕妤登玄武門樓以避兵鋒|太宗以兵入玄武門,Place
L000215,便橋,便桥,,送至便橋宿次|乙酉，及突厥頡利盟于便橋,Place
L000216,東宮顯德殿,东宫显德殿,,即皇帝位于東宮顯德殿,Place
L000217,幷州,并州,,庚寅，突厥寇幷州，雍州長史薛季昶持節山東防禦大使以備之。|幷州長史薛訥為中軍大總管|庚申，幷州長史王方慶為鸞臺侍郎，殿中監李道廣：同鳳閣鸞臺平章事。,Place
L000218,金液門,,,詔皇太子聽政於金液門。,Place
L000219,京師,京师,,十月壬寅，如京師。|還京師|辛酉，至京師,Place
L000220,昭陵,,,癸丑，追復長孫無忌官爵，仍以其曾孫翼襲封趙國公，許歸葬於昭陵先造之墳。|六年正月壬申，拜昭陵|壬寅，謁昭陵。,Place
L000221,翠微宮,,,四月，從幸翠微宮。,Place
L000222,晉州,,,四月己巳，晉州地震。|戊申，次晉州。|十一月乙丑，晉州地震。,Place
L000223,高麗,,,破高麗|高麗百姓|六月壬寅，高麗泉男生請內附,Place
L000224,幷州文水,文水,,幷州文水人也,Place
L000225,荆州,,,荊州都督|過荊州，荊州長史蘇良嗣囚之,Place
L000226,宫,皇宫,,復召入宮|立為昭儀|立宸妃為皇后,Place
L000227,巴州,,,流紀王慎于巴州|徙庶人賢於巴州|流於巴州,Place
L000228,均州,,,丁丑，又遷於均州故濮王宅|遷於均州|又遷于均州。,Place
L000229,武成殿,,,皇帝率羣臣上尊號于武成殿。,Place
L000230,揚州,揚|江都,,敬業乘傳而至……開府庫|遙領揚州大都督|乙亥，揚、楚、常、潤、蘇五州地震。,Place
L000231,潤州,,,乙亥，揚、楚、常、潤、蘇五州地震。|德妃父孝諶為潤州刺史|壬辰，敬業陷潤州，執刺史李思文,Place
L000232,阿谿,,,右監門衞將軍蘇孝祥及徐敬業戰于阿谿,Place
L000233,山陽,山陽縣,,楚州司馬李崇福以山陽、安宜、鹽城三縣歸于敬業。,Place
L000234,安宜,安宜縣,,楚州司馬李崇福以山陽、安宜、鹽城三縣歸于敬業。,Place
L000235,鹽城,鹽城縣,,...拔昆明城及鹽城...|楚州司馬李崇福以山陽、安宜、鹽城三縣歸于敬業。,Place
L000236,汾州,,,道過汾州，司馬毛公與之對食|貶韋弘敏為汾州刺史。|並、汾、絳三州地震,Place
L000237,辰州,,,貶劉齊賢為辰州刺史。|殺辰州別駕汝南王煒,Place
L000238,青州,,,內史騫味道左授青州刺史|青、齊等州海泛溢|四月丙子，貶騫味道為青州刺史。,Place
L000239,忻州,,,壬申，突厥寇忻州。|至忻州，為突厥所敗|突厥寇忻州,Place
L000240,象州,,,丁未，流王德真于象州。|納言王德真流象州。|納言王德真配流象州,Place
L000241,扬州,揚|揚州,,揚、潤等州暴風|九月丁卯，揚州地生毛。|非揚、豫、博三州及諸反逆魁首，鹹赦除之,Place
L000242,阳曲道,,,突厥寇邊，左玉鈐衞中郎將淳于處平為陽曲道行軍總管以擊之。,Place
L000243,燕然道,,,命天官尚書韋待價為燕然道行軍大總管|十一月癸卯，韋待價為燕然道行軍大總管，以擊突厥。,Place
L000244,新豐縣,,,十月己巳，有山出于新豐縣，改新豐為慶山，赦囚，給復一年，賜酺三日。,Place
L000245,慶山,,,十月己巳，有山出于新豐縣，改新豐為慶山，赦囚，給復一年，賜酺三日。,Place
L000246,昌平,,,突厥寇昌平|突厥骨篤祿等寇昌平...,Place
L000247,正殿,,,乙巳，以旱避正殿。|以旱避正殿,Place
L000248,恭陵,,,葬于恭陵|以管孝敬皇帝恭陵,Place
L000249,冀州,,,九月乙卯，冀州大都督府復為魏州，魏州復為冀州。|冀州雌雞化為雄|十月辛卯，契丹寇冀州，刺史陸寶積死之。,Place
L000250,廣州,,,光王涺為廣州都督|簡補廣、交、黔等州官吏|國俊至廣州,Place
L000251,交趾,,,交趾人李嗣仙|交趾都護劉延祐使之全輸...,Place
L000252,交州,安南都護府,,改交州為安南都護府|據交州|簡補廣、交、黔等州官吏,Place
L000253,虢州,,,虢州人楊初成詐稱郎將...|虢州人楊初成|夏四月，岐王範兼虢州刺史，薛王業兼幽州刺史。,Place
L000254,乾元殿,,,太后集百官於乾元殿|毀乾元殿|乾元殿依舊題為明堂,Place
L000255,洛水,永昌洛水,,得「寶圖」于洛水|鄜州洛水泛漲|洛水為永昌洛水,Place
L000256,汜水,廣武,,得瑞石于汜水|汜水同日漂壞近河百姓二百餘家。|又以先於汜水得瑞石，改汜水為廣武,Place
L000257,嵩山,神岳,,以安車征安平王武攸緒於嵩山|造三陽宮於嵩山|遣使召太子賓客武攸緒於嵩山,Place
L000258,博州,博,,據博州起兵|非揚、豫、博三州及諸反逆魁首，鹹赦除之|除揚、豫、博三州,Place
L000259,豫州,豫,,非揚、豫、博三州及諸反逆魁首，鹹赦除之|除揚、豫、博三州|舉兵於豫州,Place
L000260,嶺南,岭南,,配流嶺南|流行本、嗣真於嶺南|癸丑，流李遊道、袁智弘、王璿、崔神基、李元素于嶺南。,Place
L000261,萬象神宮,,,太后享萬象神宮|正月，癸酉朔，太后始受尊號於萬象神宮，旗幟尚赤|布政于萬象神宮,Place
L000262,朗州,,,朗州雌雞化為雄,Place
L000263,崇先府,,,置崇先府官,Place
L000264,巂州,,,分巂、雅二州置黎州|徙其家于巂州|劍南益、瀘、巂、茂、陵、邛、雅、綿、翼、維、始、簡、資、榮、隆、果、梓、普、遂等一十九州旱,Place
L000265,寅識迦河,,,韋待價及吐蕃戰于寅識迦河,Place
L000266,繡州,,,流韋待價于繡州|配流繡州,Place
L000267,松州,,,松州雌雞化為雄|吐蕃寇柘、松、翼等州,Place
L000268,彭州,,,殺彭州長史劉易從,Place
L000269,涼州,,,涼州都督唐休璟|庚戌，檢校涼州都督唐休璟為夏官尚書、同鳳閣鸞臺平章事。|舊涼州粟麥斛至數千,Place
L000270,陝州,,,殺陝州刺史郭正一|殺陝州刺史劉延景,Place
L000271,相州,,,丁亥，妖賊崔子巖等入相州作亂。|相州刺史|懷、衛、邢、相等五州乏糧,Place
L000272,蒲州,,,罷中都，依舊為蒲州|殺蒲州刺史弓彭祖|行及蒲州而卒,Place
L000273,儋州,,,流儋州|流儋州而卒。|戊午，兼秘書鄭普思坐妖逆配流儋州，其黨與皆伏誅。,Place
L000274,和州,,,徙和州|七月辛巳，流舒王元名于和州。|遷其父舒王元名於和州,Place
L000275,永昌縣,,,甲午，赦永昌縣。|就水側置永昌縣,Place
L000276,幷州武興縣,武興縣,,十月丁巳，給復幷州武興縣百姓，子孫相承如漢豐、沛。,Place
L000277,遵化,,,甲子，貶宗秦客為遵化尉。,Place
L000278,珍州,,,辛未，貶邢文偉為珍州刺史。,Place
L000279,大雲寺,,,置大雲寺。|令諸州各置大雲寺,Place
L000280,享德廟,唐太廟,,唐太廟之在長安者，更命曰享德廟|改唐太廟為享德廟,Place
L000281,雅州,,,自雅州開山能道|劍南益、瀘、巂、茂、陵、邛、雅、綿、翼、維、始、簡、資、榮、隆、果、梓、普、遂等一十九州旱|分巂、雅二州置黎州,Place
L000282,渠州,,,戊寅，殺雅州刺史劉行實及其弟渠州刺史行瑜、尚衣奉御行感、兄子左鷹揚衞將軍虔通。,Place
L000283,岐州,,,以岐州刺史蘇良嗣為雍州長史|至岐州|乙未，皇太子弘納妃畢，曲赦岐州，大酺三日。,Place
L000284,關內七州,,,七月庚午，徙關內七州戶以實神都。,Place
L000285,武威道,,,岑長倩為武威道行軍大總管，以擊吐蕃。,Place
L000286,文昌,,,戊子，武承嗣為文昌左相。,Place
L000287,左肅政臺,,,六月庚戌，左肅政臺御史大夫格輔元為地官尚書，鸞臺侍郎樂思晦，鳳閣侍郎任知古：同鳳閣鸞臺平章事。,Place
L000288,鸞臺,,,六月庚戌，左肅政臺御史大夫格輔元為地官尚書，鸞臺侍郎樂思晦，鳳閣侍郎任知古：同鳳閣鸞臺平章事。|癸巳，左羽林衞大將軍武攸寧守納言，冬官侍郎裴行本，洛州司馬狄仁傑為地官侍郎：同鳳閣鸞臺平章事。,Place
L000289,鳳閣,,,六月庚戌，左肅政臺御史大夫格輔元為地官尚書，鸞臺侍郎樂思晦，鳳閣侍郎任知古：同鳳閣鸞臺平章事。|癸巳，左羽林衞大將軍武攸寧守納言，冬官侍郎裴行本，洛州司馬狄仁傑為地官侍郎：同鳳閣鸞臺平章事。,Place
L000290,地官,,,六月庚戌，左肅政臺御史大夫格輔元為地官尚書，鸞臺侍郎樂思晦，鳳閣侍郎任知古：同鳳閣鸞臺平章事。|十月己酉，殺岑長倩、歐陽通、格輔元。|癸巳，左羽林衞大將軍武攸寧守納言，冬官侍郎裴行本，洛州司馬狄仁傑為地官侍郎：同鳳閣鸞臺平章事。,Place
L000291,夏官,,,夏官尚書歐陽通為司禮卿兼判納言事。,Place
L000292,冬官,,,癸巳，左羽林衞大將軍武攸寧守納言，冬官侍郎裴行本，洛州司馬狄仁傑為地官侍郎：同鳳閣鸞臺平章事。,Place
L000293,司禮,,,夏官尚書歐陽通為司禮卿兼判納言事。,Place
L000294,江夏,,,貶任知古為江夏令,Place
L000295,彭澤,,,狄仁傑彭澤令,Place
L000296,河陽縣,,,壞河陽縣,Place
L000297,四鎮,,,自碣石以西逾四鎮|克四鎮,Place
L000298,河,黃河,,朔方軍與突厥以河爲境|河溢,Place
L000299,棣州,棣,,博、棣等州黃河堤破|棣州河溢|是夏，河溢，壞棣州城,Place
L000300,白潤府,白澗府,,三月己卯，殺左衞員外大將軍阿史那元慶、白潤府果毅薛大信。<ref>白潤府　本書卷七六武后傳作「白澗府」。</ref>,Place
L000301,寿春郡,,,丁卯，降封皇孫成器為壽春郡王，恆王成義衡陽郡王，楚王隆基臨淄郡王，衞王隆範巴陵郡王，趙王隆業彭城郡王。,Place
L000302,衡陽郡,,,恆王成義為衡陽郡王|丁卯，降封皇孫成器為壽春郡王，恆王成義衡陽郡王，楚王隆基臨淄郡王，衞王隆範巴陵郡王，趙王隆業彭城郡王。,Place
L000303,臨淄郡,,,隆基為臨淄郡王|丁卯，降封皇孫成器為壽春郡王，恆王成義衡陽郡王，楚王隆基臨淄郡王，衞王隆範巴陵郡王，趙王隆業彭城郡王。,Place
L000304,巴陵郡,,,衛王隆範為巴陵郡王|丁卯，降封皇孫成器為壽春郡王，恆王成義衡陽郡王，楚王隆基臨淄郡王，衞王隆範巴陵郡王，趙王隆業彭城郡王。,Place
L000305,彭城郡,,,丁卯，降封皇孫成器為壽春郡王，恆王成義衡陽郡王，楚王隆基臨淄郡王，衞王隆範巴陵郡王，趙王隆業彭城郡王。|隆業為彭城郡王,Place
L000306,靈州,靈,,乙未，吐蕃寇靈州。|靈、夏等州人不安業|突厥默啜寇靈州，以許欽明自隨,Place
L000307,積石,,,河源、積石、懷遠等軍,Place
L000308,懷遠,,,河源、積石、懷遠等軍,Place
L000309,冷泉,,,戰于冷泉,Place
L000310,常州,,,乙亥，揚、楚、常、潤、蘇五州地震。|常州地震|其後政跡可稱者，唯常州刺史薛謙光……,Place
L000311,嵩嶽,,,嵩嶽山人,Place
L000312,振州,,,流振州|流崔元綜于振州,Place
L000313,南賓,,,貶李昭德為南賓尉,Place
L000314,桂州,桂,,桂、永等州經略大使|制以懷古爲桂州都督|桂州司馬曹玄靜將兵討思慎等...,Place
L000315,永州,永,,桂、永等州|桂、永等州經略大使|析永州營道、江華、唐興三縣置道州,Place
L000316,容州,,,容州都督,Place
L000317,趙州,,,所掠趙、定州男女|左授趙、鄜、集、綏等州刺史|突厥寇趙州，長史唐波若降于突厥，刺史高叡死之,Place
L000318,鄜州,,,左授趙、鄜、集、綏等州刺史|韋巨源鄜州刺史|鄜州洛水泛漲，壞人廬舍,Place
L000319,溱州,秦州,,本書卷一一六杜景佺傳及舊書卷九０杜景儉傳(即杜景佺)「溱州」均作「秦州」。|景儉貶溱州|杜景佺溱州刺史,Place
L000320,綏州,,,左授趙、鄜、集、綏等州刺史|元方貶綏州刺史|令於鄧、綏等州就穀,Place
L000321,朔方,,,迎太子治兵于朔方。|王孝傑為朔方行軍總管|始空河南朔方千里之地,Place
L000322,臨洮,,,秋，七月，辛酉，吐蕃寇臨洮|吐蕃寇臨洮,Place
L000323,肅邊道,,,王孝傑為肅邊道行軍大總管,Place
L000324,崇先廟,崇尊廟,,以崇先廟為崇尊廟,Place
L000325,大周萬國頌德天樞,,,建大周萬國頌德天樞,Place
L000326,神岳,嵩山,,甲申，封于神岳。|萬歲通天元年臘月甲戌，如神岳。|尊神岳天中王為神岳天中黃帝,Place
L000327,洛州,洛,,洛州饑|六月丙子，於洛州柏崖置倉。|辛未，制雍、洛二州人聽任本州官。,Place
L000328,登封縣,,,己丑，給復洛州二年，登封、告成縣三年。,Place
L000329,告成縣,,,辛未，赦告成縣。|己丑，給復洛州二年，登封、告成縣三年。|辛未，曲赦告成縣。,Place
L000330,崇尊廟,崇先廟,,又改長安崇先廟為崇尊廟|己巳，改崇尊廟為太廟。,Place
L000331,素羅汗山,,,三月壬寅，王孝傑、婁師德及吐蕃戰于素羅汗山，敗績。,Place
L000332,通天宮,新明堂,,丁巳，復作明堂，改曰通天宮。|丙午，即皇帝位於通天宮|號曰通天宮,Place
L000333,原州,,,丁巳，突厥進寇原、會等州，掠隴右牧馬萬餘而去。|突厥寇原、慶等州|庚子，貶婁師德為原州都督府司馬。,Place
L000334,營州,,,五月壬子，契丹首領松漠都督李盡忠、歸誠州刺史孫萬榮陷營州，殺都督趙文翽。|萊、營二州般次發遣|皆居於營州城側,Place
L000335,榆關道,,,七月辛亥，春官尚書武三思為榆關道安撫大使，納言姚璹為副，以備契丹。,Place
L000336,黃麞谷,,,八月丁酉，張玄遇、曹仁師、麻仁節等及契丹戰于黃麞谷，敗績，執玄遇、仁節。,Place
L000337,清邊道,,,九月庚子，同州刺史武攸宜為清邊道行軍大總管，以擊契丹。,Place
L000338,同州,,,同州尤甚|詔雍、岐、華、同民戶|九月庚子，同州刺史武攸宜為清邊道行軍大總管，以擊契丹。,Place
L000339,勝州,,,唐州界準勝州例立表|癸亥，突厥默啜寇勝州，平狄軍副使安道買擊破之|癸亥，突厥默啜寇勝州，平狄軍副使安道買敗之。,Place
L000340,東硤石谷,,,清邊道總管王孝傑、蘇宏暉等將兵十七萬與孫萬榮戰於東硤石谷|三月庚子，王孝傑及孫萬斬戰于東硤石谷，敗績，孝傑死之。,Place
L000341,河南,合宮|河南縣,,河南、河北遭水處|遣中書令張九齡充河南開稻田使|河南、河北大水,Place
L000342,河北,,,皇太子為河北道行軍元帥|以河南、河北旱|十二月丙戌，以突厥寇邊、京師旱、河北水，減膳，罷土木工。,Place
L000343,箕州,儀州,,改箕州為儀州|神功元年正月壬戌，殺李元素、孫元亨、洛州錄事參軍綦連耀、箕州刺史劉思禮、知天官侍郎事石抱忠劉奇、給事中周譒、鳳閣舍人王勮、前涇州刺史王勔、太子司議郎路敬淳、司門員外郎劉順之、右司員外郎宇文全志、來庭縣主簿柳璆。,Place
L000344,涇州,,,涇州獻二小兒|癸未，吐蕃寇涇州，右神策軍中尉梁守謙為左右神策、京西、京北行營都監以禦之。|神功元年正月壬戌，殺李元素、孫元亨、洛州錄事參軍綦連耀、箕州刺史劉思禮、知天官侍郎事石抱忠劉奇、給事中周譒、鳳閣舍人王勮、前涇州刺史王勔、太子司議郎路敬淳、司門員外郎劉順之、右司員外郎宇文全志、來庭縣主簿柳璆。,Place
L000345,幽州,大都督府|幽|幽州盧龍軍|幽州都督府|盧龍軍,,分幽州置薊州|吐蕃、雲南蠻寇黎、茂、文、扶四州|十一月，史朝義死幽州，守將李懷仙斬其首來獻,Place
L000346,徇忠縣,,,十月甲子，給復徇忠、立節二縣一年。,Place
L000347,立節縣,,,十月甲子，給復徇忠、立節二縣一年。,Place
L000348,蔚州,,,突厥阿史那骨篤祿等寇蔚州|突厥寇蔚州,Place
L000349,隴右,,,以備突厥|丁巳，突厥進寇原、會等州，掠隴右牧馬萬餘而去。|突厥寇隴右,Place
L000350,河西,,,檢校河西營田事|二月己卯，侍中、永安郡公姜恪卒於河西鎮守。|河西節度,Place
L000351,緱氏,,,過緱氏|自緱氏還|二月己丑，如緱氏。,Place
L000352,嵩陽,登封,,十一月乙巳，大赦天下，行從文武官賜勛一轉。改河南為合宮，洛陽為永昌，嵩陽為登封，陽城為告成。|辛卯，如嵩陽。,Place
L000353,福昌縣,,,幸福昌縣|九月乙亥，如福昌縣，曲赦。,Place
L000354,并州,並|北都,,以相王爲并州牧|戊申，以并州牧相王旦爲雍州牧。|九月，...并州改置北都。,Place
L000355,陇右,隴右,,突厥掠隴右諸監馬|發隴右諸軍|巡察隴右,Place
L000356,黄河,黃河,,是秋，黃河溢。,Place
L000357,琰川,,,琰川尉,Place
L000358,汝州溫湯,溫湯,,春，一月，丁卯，幸汝州之溫湯；|如汝州溫湯,Place
L000359,三陽宮,三阳宫,,太后幸三陽宮|作三陽宮|五月乙亥，如三陽宮。,Place
L000360,洪源谷,,,隴右諸軍大使唐休璟與戰於洪源谷|使將其眾守洪源谷|敗之于洪源谷,Place
L000361,蕭關,,,蕭關道行軍大總管,Place
L000362,新安隴澗山,,,如新安隴澗山,Place
L000363,循州,,,三月丙申，流張錫于循州。|丙申，鳳閣侍郎張錫坐贓配循州。|流循州,Place
L000364,楚州,,,乙亥，揚、楚、常、潤、蘇五州地震。|楚州司馬李崇福,Place
L000365,蘇州,,,乙亥，揚、楚、常、潤、蘇五州地震。,Place
L000366,平州,平,,專知幽、平、媯、檀防禦|壬午，蘇味道按察幽、平等州兵馬。,Place
L000367,關內,,,關內諸府兵|是春，關內旱|給復關內三年,Place
L000368,含元宮,,,戊寅，改含元宮為大明宮。|改含元宮爲大明宮,Place
L000369,鹽州,,,二年正月，突厥寇鹽州。|二年春正月，突厥寇鹽、夏等州，殺掠人吏。|空厥寇鹽、夏二州,Place
L000370,代州,,,突厥寇代州|癸未，突厥寇代州|七月甲午，突厥寇代州。,Place
L000371,劍南六州,,,八月辛亥，劍南六州地震。,Place
L000372,悉州,,,戊申，吐蕃寇悉州，茂州都督陳大慈敗之。,Place
L000373,茂州,,,吐蕃贊普將萬餘人寇茂州|戊申，吐蕃寇悉州，茂州都督陳大慈敗之。|劍南益、瀘、巂、茂、陵、邛、雅、綿、翼、維、始、簡、資、榮、隆、果、梓、普、遂等一十九州旱,Place
L000374,山東,,,庚寅，突厥寇幷州，雍州長史薛季昶持節山東防禦大使以備之。|是秋，山東大水，民饑|三月丙戌，李迥秀安置山東軍馬，檢校武騎兵。,Place
L000375,雍州,雍,,雍州言新豐縣東南有山踴出|庚寅，突厥寇幷州，雍州長史薛季昶持節山東防禦大使以備之。|雍州大風害稼,Place
L000376,高要,,,驛召魏元忠於高要|貶韋承慶為高要尉|丁酉，貶魏元忠為高要尉。,Place
L000377,興泰宮,兴泰宫,,丙子，如興泰宮，赦壽安縣，給復一年。|太后幸興泰宮。|甲午，至自興泰宮。,Place
L000378,廬州,庐州,,二月癸亥，貶李迥秀為廬州刺史。|楊行密奔于廬州。|迥秀貶廬州刺史。,Place
L000379,坊州,,,己亥，貶蘇味道為坊州刺史。|乙亥，匡國軍節度使劉知俊陷坊州,Place
L000380,壽安縣,,,造興泰宮於壽安縣之萬安山。|丙子，如興泰宮，赦壽安縣，給復一年。,Place
L000381,幽營二州,,,八月庚申，唐休璟兼幽營二州都督、安東都護。,Place
L000382,安東,,,潁王潭為安東都護|八月庚申，唐休璟兼幽營二州都督、安東都護。,Place
L000383,靈武道,,,以魏元忠爲靈武道行軍大總管|十月辛酉，元之為靈武道安撫大使。|九月壬子，姚元之為靈武道行軍大總管。,Place
L000384,懷州,怀州,,壬午，以懷州長史河南房融同平章事。|特進……趙國公李嶠為懷州刺史|誅吏部尚書張嘉福於懷州,Place
L000385,高州,,,流房融于高州|房融...流高州,Place
L000386,濮州,,,貶譙王重福為濮州刺史,Place
L000387,崇恩廟,,,制復武氏崇恩廟及昊陵、順陵|遷武氏神主于崇恩廟|壬寅，皇太后崩，廢崇恩廟,Place
L000388,龍門,,,守龍門|幸龍門，即日還宮|至龍門，縊殺之,Place
L000389,新安,,,乙丑，獵於新安而還|太后幸新安|新安、澠池、河南、壽安、鞏縣等廬舍蕩盡,Place
L000390,洛城南門,,,己丑，幸洛城南門，觀潑寒胡戲|丁丑，幸洛城南門，觀鬬象,Place
L000391,社稷,社稷壇,,立太廟、社稷于東都,Place
L000392,靈武,灵武|靈武道,,丙午，……充靈武道行軍大總管。|左驍衞大將軍裴思諒為靈武道行軍大總管|九月，壬子，以姚元之充靈武道行軍大總管,Place
L000393,鄮縣,,,己亥，雨毛于鄮縣。,Place
L000394,崖州,,,六月戊寅，貶敬暉為崖州司馬，桓彥範瀧州司馬，袁恕己竇州司馬，崔玄暐白州司馬，張柬之新州司馬。|六月戊寅，特進、朗州刺史、平陽郡王敬暉貶崖州司馬，特進、毫州刺史、扶陽郡王桓彥範瀧州司馬，特進、郢州刺史袁恕己竇州司馬，特進、均州刺史、博陵郡王崔玄暐白州司馬，特進、襄州刺史、漢陽郡王張柬之新州司馬，並員外置，長任，舊官封爵並追奪。,Place
L000395,瀧州,,,六月戊寅，貶敬暉為崖州司馬，桓彥範瀧州司馬，袁恕己竇州司馬，崔玄暐白州司馬，張柬之新州司馬。|六月戊寅，特進、朗州刺史、平陽郡王敬暉貶崖州司馬，特進、毫州刺史、扶陽郡王桓彥範瀧州司馬，特進、郢州刺史袁恕己竇州司馬，特進、均州刺史、博陵郡王崔玄暐白州司馬，特進、襄州刺史、漢陽郡王張柬之新州司馬，並員外置，長任，舊官封爵並追奪。|瀧州刺史陳行範,Place
L000396,竇州,,,六月戊寅，貶敬暉為崖州司馬，桓彥範瀧州司馬，袁恕己竇州司馬，崔玄暐白州司馬，張柬之新州司馬。|秋，七月，丁酉，昆明內附，置竇州|六月戊寅，特進、朗州刺史、平陽郡王敬暉貶崖州司馬，特進、毫州刺史、扶陽郡王桓彥範瀧州司馬，特進、郢州刺史袁恕己竇州司馬，特進、均州刺史、博陵郡王崔玄暐白州司馬，特進、襄州刺史、漢陽郡王張柬之新州司馬，並員外置，長任，舊官封爵並追奪。,Place
L000397,白州,,,六月戊寅，貶敬暉為崖州司馬，桓彥範瀧州司馬，袁恕己竇州司馬，崔玄暐白州司馬，張柬之新州司馬。|吐蕃寇陷白州等一十八州|周以悌竟坐流白州,Place
L000398,新州,,,六月戊寅，貶敬暉為崖州司馬，桓彥範瀧州司馬，袁恕己竇州司馬，崔玄暐白州司馬，張柬之新州司馬。|六月戊寅，特進、朗州刺史、平陽郡王敬暉貶崖州司馬，特進、毫州刺史、扶陽郡王桓彥範瀧州司馬，特進、郢州刺史袁恕己竇州司馬，特進、均州刺史、博陵郡王崔玄暐白州司馬，特進、襄州刺史、漢陽郡王張柬之新州司馬，並員外置，長任，舊官封爵並追奪。,Place
L000399,嘉州,,,七月辛未，流敬暉于嘉州，桓彥範于瀼州，袁恕己于環州，崔玄暐于古州，張柬之于瀧州。,Place
L000400,瀼州,,,七月辛未，流敬暉于嘉州，桓彥範于瀼州，袁恕己于環州，崔玄暐于古州，張柬之于瀧州。|流瀼州，皆賜死於路。|試司農卿陳思問以贓私配流瀼州,Place
L000401,環州,,,七月辛未，流敬暉于嘉州，桓彥範于瀼州，袁恕己于環州，崔玄暐于古州，張柬之于瀧州。,Place
L000402,古州,,,七月辛未，流敬暉于嘉州，桓彥範于瀼州，袁恕己于環州，崔玄暐于古州，張柬之于瀧州。,Place
L000403,申州,,,八月丙子，貶祝欽明為申州刺史。,Place
L000404,鳴沙,,,十二月己卯，靈武軍大總管沙吒忠義及突厥戰于鳴沙，敗績。,Place
L000405,西南,,,有星隕于西南,Place
L000406,胃,,,有星孛于胃、昴,Place
L000407,昴,,,有星孛于胃、昴,Place
L000408,朔方道,,,朔方道大總管張仁願築三受降城於河上|朔方道行軍大總管張仁亶同中書門下三品,Place
L000409,西突厥,,,十一月庚申，西突厥寇邊，御史中丞馮嘉賓使于突厥，死之|癸未，安西都護牛師奬及西突厥戰于火燒城，死之|討西突厥,Place
L000410,火燒城,,,癸未，安西都護牛師奬及西突厥戰于火燒城，死之|牛師獎與突騎施娑葛戰於火燒城|癸未，安西都護牛師獎與娑葛戰於火燒城，師獎敗績，沒於陣。,Place
L000411,安西,安西都护府,,突騎施蘇祿、吐蕃贊普圍安西|發安西兵|延王洄為安西大都護,Place
L000412,玄武门,北门|玄武門|肅章門,,八月丙子，改玄武門為神武門...|三年二月己丑，及皇后幸玄武門，觀宮女拔河，為宮市以嬉。|遂引兵自肅章門斬關而入。,Place
L000413,太常寺,,,以太常寺奉宗廟|壬子，及皇后幸太常寺。,Place
L000414,襄州,,,九月甲子，朱全忠陷襄州|以湜爲襄州刺史|湜貶襄州刺史,Place
L000415,江州,,,愔爲江州司馬|湜貶江州司馬|五月丙戌，貶崔湜為襄州刺吏，鄭愔江州司馬。,Place
L000416,关内,,,十一月乙丑，有事于南郊，以皇后為亞獻，大赦，賜文武官階、爵，入品者減考，免關內今歲賦，賜酺三日。,Place
L000417,新丰,,,甲午，如新豐溫湯。|乙巳，至自新豐。|甲辰，赦新豐，給復一年，賜從官勳一轉。,Place
L000418,温汤,,,甲午，如新豐溫湯。|幸汝州溫湯,Place
L000419,紫宫,,,壬辰，有星孛于紫宮。,Place
L000420,澧水,,,庚辰，澧水溢。,Place
L000421,蕭至忠第,,,幸蕭至忠第,Place
L000422,韋安石第,,,幸韋安石、長寧公主第,Place
L000423,長寧公主第,,,幸韋安石、長寧公主第,Place
L000424,咸陽,,,二月壬午，赦咸陽、始平，給復一年。,Place
L000425,河源九曲,,,三月，以河源九曲予吐蕃。,Place
L000426,剡縣,,,丁丑，剡縣地震。,Place
L000427,漢,汉朝,,盜執其國政|篡漢,Place
L000428,唐,唐朝,,唐之舊史|唐制，天子以隻日視朝|【唐紀十九】,Place
L000429,安福門,,,上觀樂於安福門|己丑，幸安福門，觀酺三日夜|安福門外設無遮齋,Place
L000430,北軍,,,率兵入北軍|臨淄郡王隆基率萬騎兵入北軍討亂,Place
L000431,冷陘山,,,甲子，幽州都督孫佺、左驍衞將軍李楷洛、左威衞將軍周以悌及奚戰于冷陘山，敗績,Place
L000432,驪山,,,癸卯，講武於驪山|是日幸驪山|十月辛卯，獵于驪山,Place
L000433,潞州,,,累遷衞尉少卿、潞州別駕。|辛卯，至潞州之飛龍宮，|庚辰，次潞州，赦囚，給復五年，以故第為飛龍宮。,Place
L000434,溫泉宮,溫湯|華清宮,,幸溫泉宮|十月戊午，幸溫湯。|至自溫泉宮,Place
L000435,馬嵬,,,丁酉，次馬嵬，左龍武大將軍陳玄禮殺楊國忠……賜貴妃楊氏死。|十五載，玄宗避賊，行至馬嵬，父老遮道請留太子討賊,Place
L000436,蜀郡,,,十二月丁未，至自蜀郡，居于興慶宮。|庚辰，次蜀郡。,Place
L000437,潼關,,,辛卯，蕃將火拔歸仁執哥舒翰叛降于安祿山，遂陷潼關、上洛郡。|哥舒翰持節統領處置太子先鋒兵馬副元帥，守潼關。,Place
L000438,渭北便橋,便橋,,六月丁酉，至渭北便橋，橋絕，募水濱居民得三千餘人，涉而濟。,Place
L000439,范陽,,,乙亥，侯希逸及朝義將李懷仙戰于范陽，敗之。|朝隱等敗奚、契丹於范陽北,Place
L000440,長生殿,,,是夜，皇帝崩于長生殿，年五十二。,Place
L000441,香积寺,,,屯于香積寺,Place
L000442,陕州,陕西,,寶應元年十月，屯于陝州，諸將進擊史朝義|安慶緒遣其將嚴莊拒于陝州|代宗及子儀、嗣業戰陝西,Place
L000443,东都,洛阳|神都,,遂克東都|逃歸東都，匿於友人光祿卿、駙馬都尉王同皎家|自紫桂宮還東都,Place
L000444,九仙门,,,乃迎太子見羣臣於九仙門,Place
L000445,紫宸内殿,,,是夕，皇帝崩于紫宸內殿,Place
L000446,邠州,,,十月庚午，吐蕃陷邠州。,Place
L000447,蜀,成都,,安祿山反，玄宗幸蜀|僖宗在蜀,Place
L000448,岐,,,肅宗在岐|大蒐於岐,Place
L000449,泰陵,,,辛酉，葬至道大聖大明孝皇帝于泰陵,Place
L000450,魚藻宮,,,後侍宴魚藻宮|九月辛丑，觀競渡、角觝于魚藻宮，用樂。|五月庚戌，觀競渡于魚藻宮。,Place
L000451,紫宸門,,,二月癸卯，朝羣臣于紫宸門。,Place
L000452,後宮,,,放後宮及教坊女妓六百人|放後宮三百人,Place
L000453,教坊,,,放後宮及教坊女妓六百人,Place
L000454,剑南西川,劍南西川,,癸丑，劍南西川節度使韋皐卒，行軍司馬劉闢自稱留後。,Place
L000455,梓州,,,甲申，太上皇崩。劉闢陷梓州，執李康。|三月丙子，高崇文克梓州。|劍南益、瀘、巂、茂、陵、邛、雅、綿、翼、維、始、簡、資、榮、隆、果、梓、普、遂等一十九州旱,Place
L000456,成都,,,留後趙匡明奔于成都。|辛亥，高崇文克成都。,Place
L000457,景陵,,,十二月，盜斫景陵門戟。|十一月壬午，葬懿安太皇太后于景陵。|五月庚申，葬聖神章武孝皇帝于景陵。,Place
L000458,清思殿,,,四月丙申，擊鞠于清思殿。|壬申，皇帝崩于清思殿，年三十。,Place
L000459,丹鳳門,,,放沒掖庭者。幸丹鳳門觀俳優。,Place
L000460,掖庭內園,,,辛卯，放掖庭內園沒入者。,Place
L000461,中和殿,,,丁未，擊鞠于中和殿。,Place
L000462,飛龍院,,,戊申，擊鞠于飛龍院。,Place
L000463,左神策軍,,,染坊匠張韶反，幸左神策軍，韶伏誅。,Place
L000464,京畿,,,免京畿、河南青苗稅...,Place
L000465,光陵,,,庚子，葬貞獻皇太后于光陵。|庚申，葬睿聖文惠孝皇帝于光陵。|五月壬子，葬恭僖皇太后于光陵。,Place
L000466,安南,,,右威衛中郎將周慶立為安南市舶使|四年...雲南蠻陷安南，蔡襲死之。|黃洞蠻寇安南。,Place
L000467,陸州,,,十一月戊午，環王及黃洞蠻陷陸州...,Place
L000468,延喜門,,,皇帝御延喜門觀燈縱樂，凡三日夜。|御延喜門|六月庚辰，大風壞延喜、景風門。,Place
L000469,景風門,,,自景風、長樂等門斬關入宮城構逆|六月庚辰，大風壞延喜、景風門。,Place
L000470,漢水,,,是夏，漢水溢。,Place
L000471,臨碧池,,,六月辛酉，觀漁于臨碧池。,Place
L000472,三殿,,,甲子，觀驢鞠、角觝于三殿。,Place
L000473,渼陂,,,以渼陂隸尚食，禁民漁。,Place
L000474,宣和殿,,,九月甲戌，觀百戲于宣和殿，三日而罷。,Place
L000475,莊陵,,,七月癸酉，葬睿武昭愍孝皇帝于莊陵。,Place
L000476,京兆,,,...分就大理、京兆、萬年、長安等獄...|京兆、岐、隴螟蝗食苗並盡|沒京兆商人任令方資財,Place
L000477,平原,,,七月辛丑，魏博節度使史憲誠及同捷戰于平原，敗之。,Place
L000478,天德軍,,,回鶻寇天德軍。|回鶻寇橫水柵，略天德、振武軍。,Place
L000479,室壁,室、壁,,庚申，有彗星出于室、壁。,Place
L000480,殺胡山,,,三年正月庚子，天德軍行營副使石雄及回鶻戰于殺胡山，敗之。,Place
L000481,澤潞,澤州、潞州,,討劉稹|給復澤、潞、邢、洺、磁五州一歲,Place
L000482,瓜沙等十一州,瓜、沙、伊、肅、鄯、甘、河、西、蘭、岷、廓十一州,,十月，沙州人張義潮以瓜、沙、伊、肅、鄯、甘、河、西、蘭、岷、廓十一州歸于有司。,Place
L000483,商,商朝,,昔武丁得一傅說，為商高宗。,Place
L000484,宋,,,宋 [[作者:歐陽修|歐陽修]] [[作者:宋祁|宋祁]] 等,Place
L000485,播州,,,十月，安南都護李鄠克播州。|楚客貶播州司馬|思鈞播州司倉。,Place
L000486,黎州,,,分巂、雅二州置黎州|雲南蠻寇黎州。,Place
L000487,賀州,,,九月，貶保衡為賀州刺史。,Place
L000488,方鎮,藩镇,,豈止方鎮之患？,Place
L000489,衢州,,,六月，錢鏐陷衢、睦二州|衢州刺史陳璋、睦州刺史陳詢叛附于楊行密。,Place
L000490,睦州,,,六月，錢鏐陷衢、睦二州|衢州刺史陳璋、睦州刺史陳詢叛附于楊行密。|癸未，睦州獻竹實。,Place
L000491,光州,,,十一月，全忠陷光州。,Place
L000492,虔州,,,是歲，虔州刺史盧光稠卒,Place
L000493,溫州,,,四月戊午，錢鏐陷溫州。|分括州永嘉、永固二縣置溫州|二年正月，盧約陷溫州。,Place
L000494,鄂州,,,二月，楊行密陷鄂州|鄂州別駕,Place
L000495,岳州,,,岳州刺史鄧進忠叛附于馬殷。|二月，楊渥陷岳州。,Place
L000496,淮南,,,刺史陳璋、陳詢奔于淮南。|自京師至於山東、淮南大雪|忠義軍節度使趙匡凝奔于淮南。,Place
L000497,金州,,,五月，王建陷金州|六月，行襲克金州。,Place
L000498,婺州,,,楊行密陷婺州|辛巳，婺州暴雨，水泛溢，漂溺居民六百家...,Place
L000499,洪州,,,九月，楊渥陷洪州,Place
L000500,饒州,,,七月，楊渥陷饒州。,Place
L000501,歸州,,,癸巳，王建陷歸州。,Place
L000502,宣州,,,淮南將王茂章以宣、歙二州叛附于錢鏐。,Place
L000503,歙州,,,淮南將王茂章以宣、歙二州叛附于錢鏐。,Place
L000504,美原,,,戰于美原，敗績。,Place
L000505,鳳翔,,,楊崇本會鳳翔、涇原、鄜延、秦隴兵,Place
L000506,涇原,,,楊崇本會鳳翔、涇原、鄜延、秦隴兵,Place
L000507,鄜延,,,楊崇本會鳳翔、涇原、鄜延、秦隴兵,Place
L000508,秦隴,,,楊崇本會鳳翔、涇原、鄜延、秦隴兵,Place
L000509,乾陵下宮,,,丁丑，盜焚乾陵下宮。,Place
L000510,溫陵,,,後唐明宗追謚昭宣光烈孝皇帝，陵曰溫陵。,Place
L000511,柩前,,,天祐元年八月丙午，即皇帝位于柩前。,Place
L000512,封祀坛,,,親祀昊天上帝於封祀壇,Place
L000513,社首,社首山,,祀皇地祇於社首|禪於社首,Place
L000514,降禅坛,,,御降禪壇,Place
L000515,朝觐坛,,,御朝覲壇受朝賀,Place
L000516,齐州,,,齊州給復一年半,Place
L000517,管岳县,,,管岳縣二年,Place
L000518,曲阜县,,,次曲阜縣,Place
L000519,孔子庙,,,幸孔子廟,Place
L000520,亳州,,,於許、豫、陳、亳等州置水屯|次亳州|出為亳州刺史,Place
L000521,老君庙,,,幸老君廟,Place
L000522,谷阳县,,,改穀陽縣為真源縣,Place
L000523,真源县,,,改穀陽縣為真源縣,Place
L000524,兖州,,,兗州界置紫雲,Place
L000525,紫云观,,,兗州界置紫雲...觀,Place
L000526,仙鹤观,,,仙鶴...觀,Place
L000527,万岁观,,,萬歲觀,Place
L000528,封峦寺,,,封巒...寺,Place
L000529,非烟寺,,,非煙...寺,Place
L000530,重轮寺,,,重輪...寺,Place
L000531,辽东道,,,遼東道行軍大總管,Place
L000532,萬年宮,,,辛丑，改萬年宮依舊名九成宮。,Place
L000533,九成宮,,,五月壬戌，幸九成宮|秋七月庚午，九成宮太子新宮成...|辛丑，改萬年宮依舊名九成宮。,Place
L000534,荊州,荊,,丙辰，東臺侍郎李安期出為荊州大都督府長史。|秋七月...揚益荊並四大都督府|永王澤為荊州大都督,Place
L000535,荊州大都督府,,,丙辰，東臺侍郎李安期出為荊州大都督府長史。,Place
L000536,西域道,,,西域道安撫大使,Place
L000537,遼東道,,,遼東道副大總管|遼東道破薛賀水,Place
L000538,薛賀水,,,遼東道破薛賀水五萬人,Place
L000539,萬年,,,...分就大理、京兆、萬年、長安等獄...|分長安、萬年置乾封、明堂二縣,Place
L000540,乾封,,,分長安、萬年置乾封、明堂二縣,Place
L000541,國學,,,戊寅，皇太子詣國學行齒胄禮，陪位官及學生賜物有差。|皇太子弘釋奠於國學|皇太子釋奠於國學,Place
L000542,平壤城,,,拔平壤城,Place
L000543,安東都護府,,,以其地為安東都護府,Place
L000544,九成宫,,,發自九成宮|至自九成宮|幸九成宮,Place
L000545,萊州,,,萊、營二州般次發遣,Place
L000546,江、淮以南,,,量配於江、淮以南及山南、並、涼以西諸州空閑處安置,Place
L000547,山南,,,量配於江、淮以南及山南、並、涼以西諸州空閑處安置,Place
L000548,並州,並|北都|太原府,,以並州牧相王旦|改並州為太原府|幸並州、潞州,Place
L000549,括州,,,分括州永嘉、永固二縣置溫州|括州大風雨,Place
L000550,永嘉縣,,,分括州永嘉、永固二縣置溫州|海水泛溢永嘉、安固二縣城郭,Place
L000551,安固縣,,,海水泛溢永嘉、安固二縣城郭,Place
L000552,益州,益,,秋七月...揚益荊並四大都督府|三年春正月辛丑，發梁、益等一十八州兵...|劍南益、瀘、巂、茂、陵、邛、雅、綿、翼、維、始、簡、資、榮、隆、果、梓、普、遂等一十九州旱,Place
L000553,瀘州,,,劍南益、瀘、巂、茂、陵、邛、雅、綿、翼、維、始、簡、資、榮、隆、果、梓、普、遂等一十九州旱,Place
L000554,陵州,,,劍南益、瀘、巂、茂、陵、邛、雅、綿、翼、維、始、簡、資、榮、隆、果、梓、普、遂等一十九州旱,Place
L000555,邛州,,,劍南益、瀘、巂、茂、陵、邛、雅、綿、翼、維、始、簡、資、榮、隆、果、梓、普、遂等一十九州旱,Place
L000556,綿州,,,劍南益、瀘、巂、茂、陵、邛、雅、綿、翼、維、始、簡、資、榮、隆、果、梓、普、遂等一十九州旱,Place
L000557,翼州,,,吐蕃寇柘、松、翼等州|劍南益、瀘、巂、茂、陵、邛、雅、綿、翼、維、始、簡、資、榮、隆、果、梓、普、遂等一十九州旱,Place
L000558,維州,,,劍南益、瀘、巂、茂、陵、邛、雅、綿、翼、維、始、簡、資、榮、隆、果、梓、普、遂等一十九州旱,Place
L000559,始州,,,二月丙申，改隆州為閬州，始州為劍州。|劍南益、瀘、巂、茂、陵、邛、雅、綿、翼、維、始、簡、資、榮、隆、果、梓、普、遂等一十九州旱,Place
L000560,簡州,,,劍南益、瀘、巂、茂、陵、邛、雅、綿、翼、維、始、簡、資、榮、隆、果、梓、普、遂等一十九州旱,Place
L000561,資州,,,劍南益、瀘、巂、茂、陵、邛、雅、綿、翼、維、始、簡、資、榮、隆、果、梓、普、遂等一十九州旱,Place
L000562,榮州,,,劍南益、瀘、巂、茂、陵、邛、雅、綿、翼、維、始、簡、資、榮、隆、果、梓、普、遂等一十九州旱,Place
L000563,隆州,,,二月丙申，改隆州為閬州，始州為劍州。|劍南益、瀘、巂、茂、陵、邛、雅、綿、翼、維、始、簡、資、榮、隆、果、梓、普、遂等一十九州旱,Place
L000564,果州,,,劍南益、瀘、巂、茂、陵、邛、雅、綿、翼、維、始、簡、資、榮、隆、果、梓、普、遂等一十九州旱,Place
L000565,普州,,,左遷普州刺史|劍南益、瀘、巂、茂、陵、邛、雅、綿、翼、維、始、簡、資、榮、隆、果、梓、普、遂等一十九州旱,Place
L000566,遂州,,,劍南益、瀘、巂、茂、陵、邛、雅、綿、翼、維、始、簡、資、榮、隆、果、梓、普、遂等一十九州旱,Place
L000567,瀚海都護府,,,改瀚海都護府為安北都護府,Place
L000568,安北都護府,,,改瀚海都護府為安北都護府,Place
L000569,華林頓,,,停華林頓,Place
L000570,太原倉,,,轉發太原倉米粟入京,Place
L000571,京,京城|京師|长安,,放京城系囚|護則天靈駕還京|京文武官及朝集採訪使,Place
L000572,扶風,,,高祖初仕隋為扶風太守,Place
L000573,遼東,,,移安東都護府於遼東|授遼東都督|列遼東地為州縣,Place
L000574,於闐,于阗,,戊子，於闐王伏闍雄來朝。|又與於闐合眾襲龜茲撥換城,Place
L000575,龜茲撥換城,撥換城,,襲龜茲撥換城，陷之,Place
L000576,安西四鎮,,,罷安西四鎮,Place
L000577,大非川,,,薛仁貴、郭待封至大非川,Place
L000578,蓬萊宮,含元殿,,改蓬萊宮為含元殿,Place
L000579,梁州,梁|褒州,,三年春正月辛丑，發梁、益等一十八州兵...|房州刺史、襄王重茂薨於梁州|梁州為褒州,Place
L000580,華州,,,詔雍、岐、華、同民戶|令雍、同、華州貧窶之家|京師、華、陜三州大風拔木,Place
L000581,江南,,,轉江南租米以賑給之,Place
L000582,雷州,,,配流雷州|流雷州,Place
L000583,許州,許|许州,,遣戶部尚書陸象先往汝、許等州存撫賑給|辛未，許州人楊元嗣……|析許州、唐州置仙州。,Place
L000584,汝州,汝,,遣戶部尚書陸象先往汝、許等州存撫賑給|幸汝州溫湯|幸汝州之溫湯,Place
L000585,許州葉縣昆水之陽,,,校獵於許州葉縣昆水之陽,Place
L000586,姚州,,,姚巂道討擊使、監察御史晉昌唐九征擊姚州叛蠻|...遣右衛副率梁積壽往姚州擊叛蠻。|戊子，姚雋道討擊使、侍御史唐九徵擊姚州叛蠻，破之...,Place
L000587,合璧宮,,,時帝幸合璧宮|夏四月戊寅，幸合璧宮。|至合璧宮，遇大雨而還,Place
L000588,水南,,,壬午，於水南教旗。,Place
L000589,魏州,,,在魏州與琅邪王沖通謀|九月乙卯，冀州大都督府復為魏州，魏州復為冀州。|乙亥，以韋嗣立檢校魏州刺史,Place
L000590,橫水,横水,,戰於橫水|是冬，左監門大將軍高侃大敗新羅之眾於橫水。,Place
L000591,柏崖,,,六月丙子，於洛州柏崖置倉。,Place
L000592,瓠盧河,,,閏五月丁卯，燕山道總管李謹行破高麗叛黨於瓠盧河之西...,Place
L000593,弓月,,,十二月丙午，弓月、疏勒二國王入朝請降。,Place
L000594,疏勒,,,五千騎出疎勒|冬十月，...復龜茲、于闐、疏勒、碎葉鎮。|十二月丙午，弓月、疏勒二國王入朝請降。,Place
L000595,新羅,,,新羅遣使入朝獻方物|新羅遣使朝獻|雞林道行軍大總管大破新羅之眾於七重城,Place
L000596,雞林道,,,遣太子左庶子、同中書門下三品劉仁軌為雞林道大總管，以討新羅，仍令衛尉卿李弼、右領大將軍李謹行副之。,Place
L000597,東井,,,六月壬寅，太白入東井。|太白晝見於東井|彗起東井,Place
L000598,華山之曲武原,,,己酉，狩於華山之曲武原。,Place
L000599,波斯,,,辛卯，波斯王卑路斯來朝。,Place
L000600,支汗郡,,,支汗郡王獻碧玻璃,Place
L000601,毗沙都督府,於闐,,以於闐為毗沙都督府,Place
L000602,龜茲,龟兹,,冬十月，...復龜茲、于闐、疏勒、碎葉鎮。|龜茲王白素稽獻銀頗羅|置安西都護府於龜茲,Place
L000603,七重城,,,雞林道行軍大總管大破新羅之眾於七重城,Place
L000604,邙山,邙山之陽,,天后親蠶於邙山之陽,Place
L000605,綺雲殿,,,皇太子弘薨於合璧宮之綺雲殿,Place
L000606,永固縣,,,分括州永嘉、永固二縣置溫州,Place
L000607,臨海縣,,,析臨海縣為樂安、永寧二縣,Place
L000608,樂安縣,,,析臨海縣為樂安、永寧二縣,Place
L000609,永寧縣,,,析臨海縣為樂安、永寧二縣,Place
L000610,緱氏縣,,,洛州復置緱氏縣，以管孝敬皇帝恭陵,Place
L000611,慈州,,,慈州刺史、杞王上金坐事,Place
L000612,澧州,,,於澧州安置,Place
L000613,營道縣,,,析永州營道、江華、唐興三縣置道州,Place
L000614,江華縣,,,析永州營道、江華、唐興三縣置道州,Place
L000615,唐興縣,,,析永州營道、江華、唐興三縣置道州,Place
L000616,道州,,,析永州營道、江華、唐興三縣置道州,Place
L000617,角亢之南,,,星孛於角、亢之南，長五尺,Place
L000618,溫湯,新豐之溫湯,,是日幸驪山|上幸新豐之溫湯|幸汝州之溫湯,Place
L000619,鄯州,,,令李敬玄鎮鄯州|吐蕃入寇鄯、廓、河、芳等四州|鄯州都督李敬玄,Place
L000620,廓州,,,吐蕃入寇鄯、廓、河、芳等四州,Place
L000621,河州,,,吐蕃入寇鄯、廓、河、芳等四州,Place
L000622,芳州,,,吐蕃入寇鄯、廓、河、芳等四州,Place
L000623,疊州,,,吐蕃寇疊州,Place
L000624,洮州道,,,洮州道行軍元帥,Place
L000625,涼州道,,,涼州道行軍元帥,Place
L000626,北河,,,指北河,Place
L000627,中臺,,,掃中臺,Place
L000628,文昌宮,,,指文昌宮,Place
L000629,黔州,,,於黔州安置|廢徙黔州|簡補廣、交、黔等州官吏,Place
L000630,袁州,,,於袁州安置,Place
L000631,北京,,,於北京置金鄰州,Place
L000632,金鄰州,,,於北京置金鄰州,Place
L000633,圓丘,,,圓丘、方澤、享太廟用之,Place
L000634,方澤,,,圓丘、方澤、享太廟用之,Place
L000635,宛丘,,,以陳州言鳳凰見於宛丘,Place
L000636,河南道,,,河南道巡撫大使|宰相來恆河南道,Place
L000637,河北道,,,令納言狄仁傑為河北道行軍元帥|薛元超河北道,Place
L000638,江南道,,,左丞崔知悌等江南道,Place
L000639,堅昆,,,堅昆獻名馬,Place
L000640,東郊,,,上躬籍田於東郊,Place
L000641,司竹園,,,幸司竹園,Place
L000642,安東府,,,遣歸安東府,Place
L000643,新城,,,移安東都護府於新城,Place
L000644,河東,,,河東採訪使|敕關內、河東諸州召募勇敢,Place
L000645,咸亨殿,,,宴近臣諸親於咸亨殿,Place
L000646,龍支,,,吐蕃入龍支,Place
L000647,青海,,,破吐蕃於青海之西|戰於青海之上,Place
L000648,洮河道,,,洮河道行軍大總管,Place
L000649,沔池,,,造紫桂宮於沔池之西,Place
L000650,紫桂宮,澠池之紫桂宮,,戊寅，次澠池之紫桂宮|造紫桂宮於沔池之西,Place
L000651,恆州,恆,,往恆州守井陘|徵恆州張果先生|滄、瀛、幽、易、恆、定等州諸軍皆受季昶節度,Place
L000652,井陘,,,守井陘,Place
L000653,單于大都護府,,,單于大都護府突厥阿史德溫傅及奉職二部相率反叛,Place
L000654,二十四州,,,二十四州首領並叛,Place
L000655,洛城南门楼,,,宴諸王、諸司三品已上、諸州都督刺史於洛城南門樓,Place
L000656,少姨庙,,,親謁少姨廟,Place
L000657,玉清观,,,故玉清觀道士王遠知,Place
L000658,田游岩所居,隐士居所,,又幸隱士田游巖所居,Place
L000659,嵩阳观,,,幸嵩陽觀,Place
L000660,启母庙,,,幸...啟母廟,Place
L000661,逍遥谷,,,幸逍遙谷道士潘師正所居,Place
L000662,潘师正所居,,,又幸逍遙谷道士潘師正所居,Place
L000663,黑山,,,裴行儉大破突厥於黑山,Place
L000664,良非川,,,屯於良非川,Place
L000665,湟中,,,戰於湟中,Place
L000666,云州,,,薛仁貴將兵擊元珍於雲州|突厥餘眾圍雲州,Place
L000667,紫桂宫,,,自紫桂宮還東都|幸紫桂宮,Place
L000668,衡州,,,左遷衡州刺史,Place
L000669,河南诸州,,,河南、河北諸州大水,Place
L000670,河北诸州,,,河南、河北諸州大水,Place
L000671,苏州,,,蘇州刺史曹王明,Place
L000672,零陵郡,,,封零陵郡王,Place
L000673,慶州,,,突厥寇原、慶等州,Place
L000674,定襄道,,,曲赦定襄軍|定襄道大總管,Place
L000675,大理寺後園,,,斬於大理寺後園,Place
L000676,江、淮已南,江淮以南,,往江、淮已南就食,Place
L000677,天市,,,彗星見於天市,Place
L000678,都市,,,腰斬於都市|斬...於都市,Place
L000679,吐火羅,,,吐火羅獻金衣一領,Place
L000680,鄧州,鄧,,移河曲六州殘胡五萬餘口於許、汝、唐、鄧、仙、豫等州|令於鄧、綏等州就穀,Place
L000681,金牙道,,,以裴行儉為金牙道行軍大總管,Place
L000682,天津,天津橋,,壞天津及中橋、立德、弘教、景行諸坊,Place
L000683,中橋,,,壞天津及中橋、立德、弘教、景行諸坊,Place
L000684,立德坊,,,壞天津及中橋、立德、弘教、景行諸坊,Place
L000685,弘教坊,,,壞天津及中橋、立德、弘教、景行諸坊,Place
L000686,景行坊,,,壞天津及中橋、立德、弘教、景行諸坊,Place
L000687,隴州,,,京兆、岐、隴螟蝗食苗並盡,Place
L000688,嵩山之陽,,,隱於嵩山之陽|造奉天宮於嵩山之陽,Place
L000689,嵩陽縣,,,仍置嵩陽縣,Place
L000690,藍田,,,又於藍田造萬全宮|至藍田|作萬泉宮於藍田。,Place
L000691,萬全宮,,,又於藍田造萬全宮,Place
L000692,柘州,,,吐蕃寇柘、松、翼等州,Place
L000693,南天竺,,,南天竺、于闐各獻方物,Place
L000694,于闐,于阗,,南天竺、于闐各獻方物|冬十月，...復龜茲、于闐、疏勒、碎葉鎮。|立故于闐王尉遲伏闍雄之子瑕為于闐王,Place
L000695,黑沙城,,,據黑沙城,Place
L000696,並州北境,,,入寇並州北境,Place
L000697,奉天宮,,,春，正月，甲午朔，上行幸奉天宮。|癸亥，車駕幸奉天宮。|幸奉天宮,Place
L000698,少室,少室山,,遣使祭...少室|禪於少室,Place
L000699,箕山,,,遣使祭...箕山,Place
L000700,具茨,,,遣使祭...具茨等山,Place
L000701,西王母祠,西王母,,西王母...祠,Place
L000702,啟母祠,啟母,,啟母...祠,Place
L000703,巢父祠,巢父,,巢父...祠,Place
L000704,許由祠,許由,,許由等祠,Place
L000705,媯州,媯,,入寇媯、檀等州|專知幽、平、媯、檀防禦|復寇媯州,Place
L000706,單于都護府,,,阿史那骨篤祿、阿史德元珍圍單于都護府|圍單于都護府,Place
L000707,城平縣,,,據城平縣反|據城平縣，自稱光明聖皇帝,Place
L000708,芳桂宮,,,廢萬泉、芳桂、奉天等宮|幸芳桂宮|五月，庚寅，上幸芳桂宮,Place
L000709,豐州,,,豐州都督崔智辯...|豐州都督崔智辨|豐州刺史袁振,Place
L000710,朝那山,,,率師出朝那山|豐州都督崔智辯將兵邀之於朝那山北,Place
L000711,嵐州,,,遂寇嵐州|突厥別部寇掠嵐州,Place
L000712,河陽城,,,壞河陽城,Place
L000713,鹽坎,,,北至鹽坎,Place
L000714,真觀殿,,,帝崩於真觀殿,Place
L000715,帷薄,后宫,,既荡情于帷薄,Place
L000716,寝,寝室,,伏戎于寝,Place
L000717,岱,泰山,,封岱礼天,Place
L000718,并州文水,文水,,-{并}-州文水人也,Place
L000719,汾、晋,汾晋,,高祖行軍於汾、晉,Place
L000720,感业寺,,,居感業寺,Place
L000721,澤州,,,澤州別駕|澤州刺史,Place
L000722,安州,,,安州都督,Place
L000723,別所,,,囚於別所|幽於別所,Place
L000724,別殿,,,令居於別殿,Place
L000725,西北方,,,彗星見西北方,Place
L000726,尚書省,,,改尚書省及諸司官名,Place
L000727,右肅政御史臺,,,初置右肅政御史臺官員,Place
L000728,家,,,劉禕之賜死於家,Place
L000729,宮,皇宫,,宮有言皇后衣笥裙上有五色雲起|是日還宮|即日還宮。,Place
L000730,安息道,,,安息道大總管,Place
L000731,隨州,,,殺隨州刺史澤王上金,Place
L000732,舒州,,,舒州刺史許王素節,Place
L000733,并州文水縣,武興縣,,改并州文水縣為武興縣,Place
L000734,關內雍、同等七州,,,徙關內雍、同等七州戶數十萬,Place
L000735,鼎、稷、鴻、宜四州,,,分京兆置鼎、稷、鴻、宜四州,Place
L000736,北都,,,北都巡狩，敕所至處存問高年、鰥寡惸獨、征人之家|九月，...并州改置北都。|辛丑，至北都。,Place
L000737,碎葉,,,冬十月，...復龜茲、于闐、疏勒、碎葉鎮。|以西突厥竭忠事主可汗斛瑟羅為平西軍大總管，鎮碎葉。|軍至碎葉,Place
L000738,壽春郡,,,改封皇孫成器為壽春郡王,Place
L000739,端門,,,太后乃御端門，觀酺如平日|立於端門之外|梁王武三思勸率諸蕃酋長奏請大征斂東都銅鐵，造天樞於端門之外，立頌以紀上之功業。,Place
L000740,欽州南賓縣,,,九月，內史李昭德左授欽州南賓縣尉。,Place
L000741,廟,,,以明堂災告廟,Place
L000742,登封县,,,登封、告成縣三年,Place
L000743,告成县,,,登封、告成縣三年,Place
L000744,营州,,,營州城傍契丹首領|攻陷營州,Place
L000745,西硤石黄麞谷,,,戰於西硤石黃麞谷,Place
L000746,瀛州,瀛,,陷瀛州屬縣|癸未，分瀛州置鄭州|滄、瀛、幽、易、恆、定等州諸軍皆受季昶節度,Place
L000747,凉州,涼州,,以夏官尚書、檢校涼州都督唐休璟同鳳閣鸞臺三品。|吐蕃寇涼州|吐蕃將麴莽布支寇涼州,Place
L000748,硤石谷,,,曹仁師、張玄遇、麻仁節與契丹戰於硤石谷|戰於硤石谷,Place
L000749,益州大都督府,,,前益州大都督府長史|為益州大都督府長史,Place
L000750,原州都督府,,,原州都督府司馬,Place
L000751,虜庭,虏庭,,赴虜庭,Place
L000752,檀州,檀,,進寇媯、檀等州|入寇媯、檀等州|專知幽、平、媯、檀防禦,Place
L000753,五回道,,,從五回道而去,Place
L000754,王子晉廟,,,過王子晉廟,Place
L000755,緱山,,,幸緱山,Place
L000756,控鶴府,,,置控鶴府官員,Place
L000757,奉宸府,,,尋改為奉宸府,Place
L000758,温泉,汝州温泉,,幸汝州之溫湯,Place
L000759,三阳宫,,,至自三陽宮|造三陽宮於嵩山|幸三陽宮,Place
L000760,岭表,岭南|嶺表,,存者皆流嶺南惡地|子孫或流竄嶺表|天官侍郎吉頊配流嶺表,Place
L000761,夏州,,,夏州都督王方翼|空厥寇鹽、夏二州|二年春正月，突厥寇鹽、夏等州，殺掠人吏。,Place
L000762,日本國,,,冬十月，日本國遣使貢方物。,Place
L000763,寧州,,,六月，寧州雨，山水暴漲，漂流二千餘家，溺死者千餘人。,Place
L000764,端州,,,左授端州高要尉。,Place
L000765,萬安山,万安山,,丁未，毀三陽宮，以其材作興泰宮於萬安山。|造興泰宮於壽安縣之萬安山。,Place
L000766,都中,,,都中人有饑凍死者,Place
L000767,仙居殿,,,崩於上陽宮之仙居殿,Place
L000768,禁中,,,以羽林兵入禁中誅之|嘗侍宴禁中,Place
L000769,秘閣,,,藏於秘閣,Place
L000770,椒塗,,,菹醢碎椒塗之骨,Place
L000771,丙殿,,,丙殿昌儲,Place
L000772,皇居,,,穢褻皇居,Place
L000773,朝,,,扼腕於朝危,Place
L000774,房陵,,,遷於房陵|上在房陵與後同幽閉|崎嶇瘴癘之鄉，契闊幽囚之地,Place
L000775,别所,,,幽於別所,Place
L000776,滑州,,,滑州地出綾縑，人多趨射，尤受其弊|出為滑、洺、豫三州刺史|乙卯，以特進敬暉、桓彥範、袁恕己等三人為滑、洺、豫刺史。,Place
L000777,洺州,,,乙卯，以特進敬暉、桓彥範、袁恕己等三人為滑、洺、豫刺史。,Place
L000778,聖善寺,,,丙申，僧會範、道士史崇玄等十餘人授官封公，以常賞聖善寺功也。,Place
L000779,天津橋,,,丙申，張像於天津橋南，設齋|辛巳，洛水暴漲，壞天津橋。|百官見於天津橋南,Place
L000780,白馬寺,故白馬寺,,送屍白馬寺，焚之以造塔|懷義頗厭入宮，多居白馬寺|太后修故白馬寺，以僧懷義為寺主。,Place
L000781,靈州鳴沙縣,,,十二月己卯，突厥默啜寇靈州鳴沙縣，靈武軍大總管沙吒忠義逆擊之，官軍敗績，死者三萬。,Place
L000782,會州,,,丁巳，突厥進寇原、會等州，掠隴右牧馬萬餘而去。,Place
L000783,陽城,告成,,十一月乙巳，大赦天下，行從文武官賜勛一轉。改河南為合宮，洛陽為永昌，嵩陽為登封，陽城為告成。,Place
L000784,昊陵,章德陵,,制復武氏崇恩廟及昊陵、順陵|改章德陵為昊陵|二月辛未，制武氏崇恩廟依舊享祭...其昊陵、順陵置令、丞如廟。,Place
L000785,顺陵,順陵,,二月辛未，制武氏崇恩廟依舊享祭...其昊陵、順陵置令、丞如廟。,Place
L000786,安乐公主宅,,,辛卯，幸安樂公主宅。,Place
L000787,荐福寺,薦福寺,,庚寅，幸薦福寺，曲赦雍州。,Place
L000788,鄠县,鄠縣,,重俊出奔至鄠縣，為部下所殺。,Place
L000789,神武门,,,八月丙子，改玄武門為神武門，樓為制勝樓。,Place
L000790,制胜楼,制勝樓,,八月丙子，改玄武門為神武門，樓為制勝樓。,Place
L000791,两京,,,令兩京及四大都督府皆刻之於石。,Place
L000792,四大都督府,,,令兩京及四大都督府皆刻之於石。,Place
L000793,京师,京師,,京師雨木冰，井溢|丁丑，京師雨土。|是春，自京師至山東疾疫...,Place
L000794,山东,山東,,運山東、江、淮谷輸京師|是春，自京師至山東疾疫...|是夏，山東、河北二十餘州旱...,Place
L000795,滄州,滄,,滄、瀛、幽、易、恆、定等州諸軍皆受季昶節度|二年春正月丙申，滄州雨雹，大如雞卵。,Place
L000796,左金吾大將軍、陳國公陸頌宅,陸頌宅,,二月辛未，幸左金吾大將軍、陳國公陸頌宅。,Place
L000797,河上,,,三月丙子，朔方道大總管張仁亶築受降城於河上。,Place
L000798,長樂公主莊,,,己丑，幸長樂公主莊，即日還宮。,Place
L000799,太史局,太史監,,六月丁亥，改太史局為太史監，罷隸秘書省。,Place
L000800,臺州,,,秋七月辛卯，臺州地震。|臺州刺史,Place
L000801,安福樓,,,帝及后御安福樓以觀之。,Place
L000802,西京,京師|長安|长安,,是冬，西京吏部置兩侍郎銓試，東都又置兩銓，恣行囑請。|來朝京師|遷周廟七主於西京崇尊廟,Place
L000803,梨園亭,,,幸梨園亭，宴侍臣學士|宴侍臣及近親於梨園亭,Place
L000804,柳州,,,迦業至忠配流柳州,Place
L000805,承慶殿,,,御承慶殿，錄囚徒,Place
L000806,通化門,,,親送朔方軍總管、韓國公張仁亶於通化門外,Place
L000807,安樂公主山亭,,,幸安樂公主山亭，宴侍臣、學士,Place
L000808,九曲亭子,,,幸九曲亭子，宴侍臣、學士,Place
L000809,安樂公主金城新宅,,,幸安樂公主金城新宅，宴侍臣、學士,Place
L000810,見子陵,,,幸見子陵,Place
L000811,韋嗣立莊,,,幸兵部尚書韋嗣立莊,Place
L000812,白鹿觀,,,便游白鹿觀,Place
L000813,醴泉坊,,,令諸司長官向醴泉坊看潑胡王乞寒戲,Place
L000814,紫宮,,,有星孛於紫宮,Place
L000815,化度寺,化度寺门,,於化度寺門設無遮大齋,Place
L000816,萧至忠宅,中书令萧至忠之第,,因幸中書令蕭至忠之第,Place
L000817,咸阳,,,曲赦咸陽、始平,Place
L000818,马嵬北原庄,,,便幸長安令王光輔馬嵬北原莊,Place
L000819,芳林门,,,自芳林門入,Place
L000820,梨园球场,,,集於梨園球場,Place
L000821,临渭亭,,,幸臨渭亭修禊飲,Place
L000822,桃花园,,,游宴桃花園,Place
L000823,隆庆池,,,幸隆慶池,Place
L000824,窦希宅,礼部尚书窦希宅,,因幸禮部尚書竇希宅,Place
L000825,神龙殿,,,崩於神龍殿,Place
L000826,安福门外,,,皆梟首於安福門外,Place
L000827,芳林园,,,入芳林園嘗櫻桃,Place
L000828,单于,单于大都护府,,單于大都護,Place
L000829,洛,洛阳,,遷洛牧,Place
L000830,安福門樓,,,帝挾少帝御安福門樓慰諭百姓,Place
L000831,承天門樓,,,上御承天門樓，下制曰|兵部尚書郭元振從上御承天門樓，大赦天下|御承天門樓，大赦天下,Place
L000832,義宗廟,,,冬十月，於東都來庭縣廨置義宗廟。|於東都別立義宗廟,Place
L000833,泉州,武榮州|福州,,癸丑，改泉州為閩州...改武榮州為泉州|泉州為福州,Place
L000834,閩州,,,癸丑，改泉州為閩州，置都督府,Place
L000835,武榮州,,,癸丑...改武榮州為泉州,Place
L000836,鄭州,,,癸未，分瀛州置鄭州,Place
L000837,雍洛州,,,秋七月，唯雍洛州長史...,Place
L000838,興聖寺,,,八月乙卯，詔以興聖寺是高祖舊宅,Place
L000839,太學,,,丁巳，皇太子釋奠於太學,Place
L000840,金仙觀,,,辛丑...仍置金仙、玉真兩觀,Place
L000841,玉真觀,,,辛丑...仍置金仙、玉真兩觀,Place
L000842,秘書省,,,十一月戊寅...依舊隸秘書省|依舊隸秘書省,Place
L000843,籍田,,,躬耕籍田|親耕籍田,Place
L000844,北郊,,,親祀北郊,Place
L000845,硎山,,,戰於硎山,Place
L000846,儀坤廟,,,毀儀坤廟|祔昭成皇后、肅明皇后神主於儀坤廟,Place
L000847,新豐之溫湯,溫湯,,幸新豐之溫湯|皇帝幸新豐之溫湯,Place
L000848,渭川,,,校獵於渭川|甲辰，畋獵於渭川,Place
L000849,河北諸州,,,敕河北諸州團結兵馬，皆令本州刺史押掌。,Place
L000850,閬州,,,二月丙申，改隆州為閬州，始州為劍州。,Place
L000851,劍州,,,二月丙申，改隆州為閬州，始州為劍州。,Place
L000852,深州,,,分冀州置深州。,Place
L000853,百福殿,,,開元四年夏六月甲子，太上皇帝崩於百福殿，時年五十五。|癸亥，太上皇崩於百福殿,Place
L000854,橋陵,,,冬十月庚午，葬於橋陵。|丙申，謁橋陵。|葬睿宗大聖貞皇帝於橋陵,Place
L000855,二張之第,,,二張之第,Place
L000856,三王之門,,,三王之門,Place
L000857,積善坊,,,賜第於東都積善坊,Place
L000858,興慶坊,,,賜宅於興慶坊|四年四月，中宗幸其第,Place
L000859,飛騎營,,,韋庶人惶惑走入飛騎營,Place
L000860,白獸門,,,攻白獸、玄德等門,Place
L000861,玄德門,,,攻白獸、玄德等門,Place
L000862,凌煙閣,,,合於凌煙閣前,Place
L000863,寶昌寺,,,寶昌寺僧普潤,Place
L000864,苑,禁苑,,遂以庚子夜率幽求等數十人自苑南入,Place
L000865,北闕,,,梟常元楷、李慈於北闕|丙辰，鑄大鐘，置北闕,Place
L000866,京兆府,雍州,,雍州為京兆府|隸京兆府,Place
L000867,河南府,洛州,,洛州為河南府|漂壞河南府及許、汝、仙、陳等州廬舍數千家,Place
L000868,華嶽,,,封華嶽神為金天王,Place
L000869,北庭都護府,,,突厥默啜遣其子同俄特勤率眾寇北庭都護府,Place
L000870,灤河,,,遇賊於灤河,Place
L000871,武功西原,,,葬殤帝於武功西原,Place
L000872,新豐溫泉,新豐之溫泉,,幸新豐之溫泉,Place
L000873,渭州西界武階驛,,,薛訥破吐蕃於渭州西界武階驛,Place
L000874,臨洮軍,,,吐蕃寇臨洮軍,Place
L000875,蘭州,,,游寇蘭州,Place
L000876,渭州,,,游寇……渭州,Place
L000877,興慶宮,興慶裏舊邸,,始聽政於興慶宮|以興慶裏舊邸為興慶宮|於興慶宮建龍池,Place
L000878,西天竺國,,,西天竺國遣使獻方物,Place
L000879,十姓部落,十姓部落左廂五咄六啜、右廂五弩失畢五俟斤,,十姓部落左廂五咄六啜、右廂五弩失畢五俟斤，及高麗莫離支高文簡、都督鳷跌思太等，各率其眾自突厥相繼來奔，前後總二千餘帳。,Place
L000880,唐州,唐,,析許州、唐州置仙州。|移河曲六州殘胡五萬餘口於許、汝、唐、鄧、仙、豫等州|唐州界準勝州例立表,Place
L000881,仙州,仙,,析許州、唐州置仙州。|移河曲六州殘胡五萬餘口於許、汝、唐、鄧、仙、豫等州|漂壞河南府及許、汝、仙、陳等州廬舍數千家,Place
L000882,山東諸州,,,六月，山東諸州大蝗，飛則蔽景，下則食苗稼，聲如風雨。,Place
L000883,郿縣,,,甲子，幸郿縣之鳳泉湯。,Place
L000884,鳳泉湯,,,甲子，幸郿縣之鳳泉湯。|幸鳳泉湯|幸岐州之鳳泉湯,Place
L000885,新豐,,,乙酉，幸新豐之溫湯。|幸新豐之溫泉宮,Place
L000886,諸道,,,紫微令姚崇奏請差御史下諸道，促官吏遣人驅撲焚瘞，以救秋稼，從之。|往諸道宣慰賑給,Place
L000887,新豐溫湯,温汤|溫湯,,二月丙辰，幸新豐之溫湯。|幸新豐之溫湯|十二月乙卯，幸新豐之溫湯。,Place
L000888,陜州,,,京師、華、陜三州大風拔木,Place
L000889,大武軍,,,於大武軍北安置,Place
L000890,蒲城縣,,,以同州蒲城縣為奉先縣,Place
L000891,奉先縣,,,制奉先縣同赤縣...|以同州蒲城縣為奉先縣，隸京兆府,Place
L000892,西廟,,,徙中宗神主於西廟,Place
L000893,十道,,,停十道採訪使|分遣御史中丞蔣欽緒等往十道疏決囚徒,Place
L000894,柳城,,,三月庚戌，於柳城依舊置營州都督府。|萬榮之破王孝傑也，於柳城西北四百里依險築城,Place
L000895,營州都督府,,,三月庚戌，於柳城依舊置營州都督府。,Place
L000896,鞏縣,,,新安、澠池、河南、壽安、鞏縣等廬舍蕩盡|六月壬午，鞏縣暴雨連月，山水泛濫，毀郭邑廬舍七百餘家，人死者七十二。,Place
L000897,紫微省,,,九月壬寅，改紫微省依舊為中書省，黃門省為門下省，黃門監為侍中。,Place
L000898,中書省,,,九月壬寅，改紫微省依舊為中書省，黃門省為門下省，黃門監為侍中。,Place
L000899,黃門省,,,九月壬寅，改紫微省依舊為中書省，黃門省為門下省，黃門監為侍中。,Place
L000900,門下省,,,九月壬寅，改紫微省依舊為中書省，黃門省為門下省，黃門監為侍中。,Place
L000901,顯聖侯廟,,,甲午，以則天拜洛受圖壇及碑文並顯聖侯廟，初因唐同泰偽造瑞石文所建，令即廢毀。,Place
L000902,拜洛受圖壇,則天拜洛受圖壇,,甲午，以則天拜洛受圖壇及碑文並顯聖侯廟，初因唐同泰偽造瑞石文所建，令即廢毀。,Place
L000903,東都來庭縣廨,,,冬十月，於東都來庭縣廨置義宗廟。,Place
L000904,昭文館,,,九月甲子，改昭文館依舊為弘文館。,Place
L000905,弘文館,,,十二月丙戌，置弘文、崇文兩館讎校書郎官員。|九月甲子，改昭文館依舊為弘文館。,Place
L000906,崇文館,,,十二月丙戌，置弘文、崇文兩館讎校書郎官員。,Place
L000907,甘州,,,甘州刺史李漢通|突厥欲谷寇甘、涼等州,Place
L000908,澠池,,,新安、澠池、河南、壽安、鞏縣等廬舍蕩盡,Place
L000909,壽安,,,新安、澠池、河南、壽安、鞏縣等廬舍蕩盡|幸壽安之故興泰宮,Place
L000910,衛州,,,許、衛等州掌閑番兵溺者千一百四十八人|懷、衛、邢、相等五州乏糧,Place
L000911,長春宮,,,幸長春宮|至自長春宮,Place
L000912,下邽,,,畋於下邽,Place
L000913,南天竺國,,,南天竺國遣使獻五色鸚鵡,Place
L000914,河中府,中都,,罷中都，依舊為蒲州|改蒲州為河中府，置中都,Place
L000915,蘭池州,,,王晙破蘭池州叛胡|蘭池州叛胡顯首,Place
L000916,長泉縣,,,據長泉縣,Place
L000917,六胡州,,,攻陷六胡州,Place
L000918,河东,,,河東九姓,Place
L000919,含元殿,,,上親策試應制舉人於含元殿,Place
L000920,润州,潤州,,揚、潤等州暴風,Place
L000921,丹凤楼,丹鳳樓,,御丹鳳樓，宴突厥首領,Place
L000922,中书省,中書省,,幸中書省,Place
L000923,内府,,,藏之內府,Place
L000924,伊水,伊,,伊、汝等水泛漲,Place
L000925,汝水,汝,,伊、汝等水泛漲,Place
L000926,朔方軍,朔方,,兵部尚書張說往朔方軍巡邊|王晙赴朔方軍,Place
L000927,黃河,,,博、棣等州黃河堤破,Place
L000928,木盤山,,,張說擒康願子於木盤山,Place
L000929,河曲,,,詔移河曲六州殘胡五萬餘口,Place
L000930,長樂門,,,自景風、長樂等門斬關入宮城構逆,Place
L000931,宮城,,,自景風、長樂等門斬關入宮城構逆,Place
L000932,河陽柏崖倉,,,廢河陽柏崖倉,Place
L000933,土宜川,,,畋獵於土宜川,Place
L000934,波斯國,,,波斯國遣使獻獅子,Place
L000935,欽州,,,配流欽州,Place
L000936,都城,,,降都城見楚囚徒，流、死罪減一等，餘並原之。,Place
L000937,汾陰,寶鼎縣,,祠后土於汾陰之脽上|改汾陰為寶鼎縣,Place
L000938,脽上,,,祠后土於汾陰之脽上|十一月庚午，祀后土於脽上，,Place
L000939,飛龍宮,,,別改其舊宅為飛龍宮|辛卯，至潞州之飛龍宮，,Place
L000940,太原府之南街,,,刻石紀功於太原府之南街,Place
L000941,華陰,,,至華陰,Place
L000942,嶽廟,,,上制嶽廟文,Place
L000943,五溪,,,五溪首領,Place
L000944,豳州,邠州,,改豳州為邠州,Place
L000945,鄚州,莫州,,鄚州為莫州,Place
L000946,沅州,巫州,,沅州為巫州,Place
L000947,舞州,鶴州,,舞州為鶴州,Place
L000948,通洛門,,,夜犯通洛門,Place
L000949,都西市,,,廢都西市,Place
L000950,景運門,,,置於景運門內,Place
L000951,兗州,,,至兗州岱宗頓,Place
L000952,岱宗頓,,,至兗州岱宗頓,Place
L000953,帳殿,,,御帳殿受朝賀,Place
L000954,孔子宅,,,幸孔子宅，親設奠祭,Place
L000955,青,青州,,青、齊米斗五錢,Place
L000956,齊,齊州,,青、齊米斗五錢,Place
L000957,集仙殿,集賢殿,,改集仙殿為集賢殿,Place
L000958,麗正殿書院,集賢殿書院,,麗正殿書院改集賢殿書院,Place
L000959,谷口,,,詔行從留於谷口,Place
L000960,興教門樓,,,雷震興教門樓兩鴟吻,Place
L000961,同州馮翊縣,馮翊縣,,壞同州馮翊縣廨宇,Place
L000962,武臨縣,,,改武臨縣為潁陽縣,Place
L000963,潁陽縣,,,改武臨縣為潁陽縣,Place
L000964,瓜州,,,吐蕃寇瓜州|吐蕃寇瓜州，執刺史田元獻,Place
L000965,甘州鞏筆驛,鞏筆驛,,回紇部落殺王君㚟於甘州之鞏筆驛,Place
L000966,單于,,,忠王浚為單于大都護,Place
L000967,春州,春,,春、瀧等州獠首領瀧州刺史陳行範,Place
L000968,曲子城,,,敗吐蕃於曲子城,Place
L000969,門城,吐蕃門城,,攻拔吐蕃門城,Place
L000970,祁連城,,,擊吐蕃於祁連城,Place
L000971,昆明城,,,...拔昆明城及鹽城...,Place
L000972,大理,,,...分就大理、京兆、萬年、長安等獄...,Place
L000973,藍田山,,,丁亥，大風震電，藍田山崩。,Place
L000974,越州,,,丙寅，越州大水，漂壞廨宇及居人廬舍。,Place
L000975,獻陵,,,己亥，謁獻陵。,Place
L000976,花萼樓,,,上御花萼樓，以千秋節百官獻賀|其月，遣範安及於長安廣花萼樓，築夾城至芙蓉園。|...宴百僚於花萼樓下。,Place
L000977,渭濱,,,乙丑，校獵渭濱。,Place
L000978,石堡城,,,甲寅，...攻拔吐蕃石堡城。,Place
L000979,昭州平樂,,,...貶昭州平樂尉。,Place
L000980,薛王業宅,,,幸薛王業宅|乙丑，幸薛王業宅：,Place
L000981,左飛龍廄,,,左飛龍廄災,Place
L000982,京城外郭城,,,築京城外郭城,Place
L000983,寧親公主第,,,幸寧親公主第,Place
L000984,春明門外寧王憲之園池,寧王憲園池,,侍臣已下宴於春明門外寧王憲之園池,Place
L000985,平盧軍,,,奔投平盧軍,Place
L000986,薊州,,,分幽州置薊州,Place
L000987,五車,,,彗星見於五車,Place
L000988,畢、昴,,,有星孛于畢、昴,Place
L000989,瀍、洛,洛水|瀍水,,就瀍、洛水源疏決|東都瀍、洛泛漲,Place
L000990,永濟橋,,,壞天津、永濟二橋,Place
L000991,提象門,,,壞...提象門外仗舍,Place
L000992,新豐溫泉宮,,,幸新豐溫泉宮,Place
L000993,西嶽,,,並封西嶽,Place
L000994,長芬公主宅,,,丁巳，幸長芬公主宅；,Place
L000995,幽州之北山,北山,,三月，信安王禕與幽州長史趙含章大破奚、契丹於幽州之北山。,Place
L000996,上陽東州,,,夏四月乙亥，宴百僚於上陽東州，,Place
L000997,皇津橋,,,癸巳，改造天津橋，毀皇津橋，合為一橋。,Place
L000998,芙蓉園,,,其月，遣範安及於長安廣花萼樓，築夾城至芙蓉園。,Place
L000999,寧王憲宅,,,秋七月戊辰，幸寧王憲宅，,Place
L001000,登州,,,渤海靺鞨寇登州，殺刺史韋俊，|移登州平海軍於海口安置,Place
L001001,應天門,,,上御應天門受之。,Place
L001002,都山,,,為所敗於都山之下,Place
L001003,幽州道,,,幽州道副總管郭英傑,Place
L001004,太倉,,,詔出太倉米二百萬石,Place
L001005,邢州,,,懷、衛、邢、相等五州乏糧,Place
L001006,秦州,,,秦州地震,Place
L001007,伊西,,,移隸伊西、北庭都護屬四鎮節度|伊西、北庭且依舊為節度,Place
L001008,北庭,,,北庭都護劉渙謀反|伊西、北庭且依舊為節度,Place
L001009,太廟署,,,廢太廟署,Place
L001010,京都,京城,,斷京城乞兒|詔京都見禁囚徒,Place
L001011,眉州,,,眉州鼎皇山下江水中得寶鼎,Place
L001012,鼎皇山,,,眉州鼎皇山下江水中得寶鼎,Place
L001013,江水,,,眉州鼎皇山下江水中得寶鼎,Place
L001014,苑中,,,上自於苑中種麥,Place
L001015,赤嶺,,,遣左金吾將軍李佺於赤嶺與吐蕃分界立碑,Place
L001016,河口,,,河口置輸場,Place
L001017,河陰縣,,,於輸場東置河陰縣,Place
L001018,饒樂都督府,,,改饒樂都督府為奉誠都督府,Place
L001019,奉誠都督府,,,改饒樂都督府為奉誠都督府,Place
L001020,海口,,,移登州平海軍於海口安置,Place
L001021,江淮已南,,,江淮已南有遭水處,Place
L001022,泗州,,,移泗州就臨淮縣置,Place
L001023,臨淮縣,,,移泗州就臨淮縣置,Place
L001024,北庭都护,北庭,,突騎施寇北庭及安西撥換城|移隸伊西、北庭都護屬四鎮節度,Place
L001025,四鎮節度,,,移隸伊西、北庭都護屬四鎮節度,Place
L001026,安西撥換城,,,突騎施寇北庭及安西撥換城,Place
L001027,龍池,,,建龍池,Place
L001028,萬泉宮,,,作萬泉宮於藍田。,Place
L001029,赤縣,,,即閱視赤縣獄,Place
L001030,弓月城,,,阿史那車薄圍弓月城,Place
L001031,伊丽水,,,破虜眾於伊麗水,Place
L001032,热海,,,方翼與戰於熱海,Place
L001033,奉天宫,,,作奉天宮於嵩山南,Place
L001034,白水涧,,,婁師德將兵擊之於白水澗,Place
L001035,河源军,,,吐蕃入寇河源軍,Place
L001036,单于府,,,入寇并州及單于府之北境,Place
L001037,岚州,,,殺嵐州刺史王德茂,Place
L001038,綏德縣,,,進攻綏德、大斌二縣,Place
L001039,大斌縣,,,進攻綏德、大斌二縣,Place
L001040,則天門樓,,,上欲御則天門樓宣赦|御則天門樓受尊號,Place
L001041,貞觀殿,,,上崩於貞觀殿,Place
L001042,顯福門,,,戊戌，舉哀於顯福門,Place
L001043,都梁山,,,別將韋超、尉遲昭屯都梁山|馬敬臣擊斬尉遲昭於都梁山,Place
L001044,下阿溪,,,敬業勒兵阻溪拒守|屯高郵之下阿溪,Place
L001045,同城,,,敕僑置安北都護府於同城以納降者。,Place
L001046,居延海,,,發河西騎士出居延海以討之,Place
L001047,鄠,,,懷義，鄠人,Place
L001048,陽曲道,,,以左玉鈐衛中郎將淳於處平為陽曲道行軍總管,Place
L001049,施州,,,左遷施州刺史,Place
L001050,北阙,,,置北闕,Place
L001051,新丰县,,,雍州言新豐縣東南有山踴出,Place
L001052,庆山县,,,改新豐為慶山縣,Place
L001053,两井,,,至兩井，遇突厥三千餘人,Place
L001054,宁州,,,狄仁傑為寧州刺史|寧州大水，溺殺二千餘人。|入寧州境,Place
L001055,万年,,,萬年人來俊臣,Place
L001056,洛阳,,,洛陽萬國俊|洛州司馬弓嗣業、洛陽令張嗣明|過洛陽,Place
L001057,长社,,,長社王求禮,Place
L001058,岭外,岭表,,戩、説皆流嶺表。|流於嶺外|懷古才及嶺上,Place
L001059,京苑,,,時尚方監裴匪躬檢校京苑，將鬻苑中蔬果以收其利。,Place
L001060,安南府城,,,攻破安南府城，殺延祐。,Place
L001061,黃花堆,,,大破突厥於黃花堆...,Place
L001062,磧北,,,突厥皆散走磧北。,Place
L001063,巫州,,,左遷翰巫州司法...|並二子徙巫州,Place
L001064,吴、楚,,,以吳、楚多淫祠,Place
L001065,上蔡,,,遣兵陷上蔡,Place
L001066,武水,,,先擊武水,Place
L001067,莘,,,莘令馬玄素將兵,Place
L001068,堂邑,,,堂邑董玄寂,Place
L001069,济州,,,欲渡河取濟州,Place
L001070,永昌县,,,泉側置永昌縣,Place
L001071,陈仓,,,行至陳倉而死,Place
L001072,丰州,,,皆流豐州,Place
L001073,天堂,,,堂始構，為風所摧，更構之|於明堂北構天堂以貯之|又於明堂北起天堂五級以貯大像,Place
L001074,合宫县,,,改河南為合宮縣,Place
L001075,万象神宫,,,大饗萬象神宮,Place
L001076,则天门,,,太后御則天門，赦天下，改元,Place
L001077,文水陵,章德陵,,文水陵曰章德陵,Place
L001078,咸阳陵,明义陵,,咸陽陵曰明義陵,Place
L001079,连州,,,連州別駕鄱陽公諲,Place
L001080,寅识迦河,,,韋待價軍至寅識迦河，與吐蕃戰，大敗,Place
L001081,紫河,,,行至紫河，不見虜,Place
L001082,单于台,,,於單于台刻石紀功而還,Place
L001083,岭南,,,少府監丞弘農宋之問及弟兗州司倉之遜皆坐附會張易之貶嶺南|家徙嶺南|並免死流嶺南,Place
L001084,绣州,,,徐敬業之敗也，弟敬真流繡州|流繡州,Place
L001085,浪穹州,,,浪穹州蠻酋傍時昔|以傍時昔為浪穹州刺史,Place
L001086,西州,,,太后以休璟為西州都督,Place
L001087,洛城殿,,,太后策貢士於洛城殿,Place
L001088,麗景門,例竟門,,置制獄於麗景門內|弘義戲呼為「例竟門」,Place
L001089,中岳,,,春，一月，地官尚書武思文及朝集使二千八百人表請封中岳,Place
L001090,光政門,,,昭德引出光政門外,Place
L001091,湛露殿,,,鸞台侍郎、同平章事傅遊藝夢登湛露殿,Place
L001092,德陵,,,甲子，太后命始祖墓曰德陵,Place
L001093,喬陵,,,睿祖墓曰喬陵,Place
L001094,節陵,,,嚴祖墓曰節陵,Place
L001095,永陵,,,顯祖墓曰永陵,Place
L001096,大渡水,,,六月，軍至大渡水西，曷蘇事洩,Place
L001097,萊川州,,,玄遇以其部落置萊川州而還,Place
L001098,江淮,,,運山東、江、淮谷輸京師|江淮旱，饑，民不得采魚蝦，餓死者甚眾,Place
L001099,嘉豫殿,,,朝太后於嘉豫殿,Place
L001100,羅州,,,孝諶貶羅州司馬,Place
L001101,衛象神宮,,,太后御衛象神宮,Place
L001102,泠泉,,,破吐蕃...於泠泉及大嶺,Place
L001103,大嶺,,,破吐蕃...於泠泉及大嶺,Place
L001104,碎葉鎮,,,碎葉鎮守使韓思忠,Place
L001105,麟趾寺,,,居神都麟趾寺|太后乃復召尼還麟趾寺,Place
L001106,永昌,,,永昌蠻酋薰期,Place
L001107,瓊州,,,王弘義流瓊州,Place
L001108,漢北,,,至漢北，侍御史胡元禮遇之,Place
L001109,瑤光殿,,,壬子，執之於瑤光殿前樹下,Place
L001110,河內,,,先是，河內老尼晝食一麻一米|因斥還河內,Place
L001111,偃師,,,什方還，至偃師，聞事露，自絞死,Place
L001112,麟州,,,巨源貶麟州,Place
L001113,通天宫,,,鑄九鼎成，徙置通天宮|太后享通天宮|九月，壬辰，大享通天宮,Place
L001114,漁陽,,,武攸宜軍漁陽，聞孝傑等敗沒,Place
L001115,潞水,,,萬榮窮蹙，與其奴逃至潞水東，息於林下,Place
L001116,四方館門,,,奴斬其首以降，梟之四方館門,Place
L001117,黑沙南庭,,,八月，戊子，武延秀至黑沙南庭,Place
L001118,赵州,,,默啜圍趙州,Place
L001119,飞狐,,,癸丑，默啜寇飛狐,Place
L001120,妫州,,,進寇媯、檀等州,Place
L001121,晋阳,,,逃歸；抵晉陽,Place
L001122,卫州,,,衛州刺史太平敬暉謂僚屬曰,Place
L001123,升仙太子廟,,,謁升仙太子廟,Place
L001124,峰州,,,晉卿流峰州,Place
L001125,濟源,,,河溢，漂濟源百姓廬舍千餘家,Place
L001126,幸昌,,,太后幸福昌,Place
L001127,河南、北,,,河南、北置武騎團以備突厥,Place
L001128,木昆,,,主處木昆等十姓,Place
L001129,安固,,,天官侍郎、平章事吉頊貶安固尉。,Place
L001130,告成石淙,石淙,,作三陽宮於告成之石淙。,Place
L001131,含樞殿,,,獻俘於含樞殿,Place
L001132,昌松,,,圍昌松,Place
L001133,贝州,貝州,,元禧貝州刺史,Place
L001134,萧关,蕭關,,以魏元忠爲蕭關道大總管,Place
L001135,成均,,,罷爲成均祭酒,Place
L001136,成州,,,以成州言佛跡見,Place
L001137,武邑,,,武邑人蘇安恆,Place
L001138,硤口,,,元振始於南境硤口置和戎城,Place
L001139,和戎城,,,置和戎城,Place
L001140,白亭軍,,,北境磧中置白亭軍,Place
L001141,關,,,太后西入關,Place
L001142,三品院,,,捨於三品院,Place
L001143,司刑獄,,,與錫俱下司刑獄,Place
L001144,石嶺,,,突厥破石嶺,Place
L001145,易州,易,,滄、瀛、幽、易、恆、定等州諸軍皆受季昶節度,Place
L001146,洪源,,,洪源之戰,Place
L001147,大谷,,,大谷道大總管,Place
L001148,庭州,,,置北庭都護府於庭州,Place
L001149,碣石,,,自碣石以西逾四鎮,Place
L001150,新罗,,,新羅王金理洪卒，遣使立其弟崇基爲王。,Place
L001151,碎叶,,,烏質勒置都督二十員，各將兵七千人，屯碎葉西北；-{後}-攻陷碎葉,Place
L001152,宿羽台,,,丙申，宴於宿羽台，太子預焉。,Place
L001153,始安,,,始安獠歐陽倩擁眾數萬,Place
L001154,突骑施,,,時突騎施酋長烏質勒與西突厥諸部相攻,Place
L001155,济源,,,殿中侍御史濟源張廷珪曰,Place
L001156,景城,,,殿中侍御史景城王晙復奏申理元忠,Place
L001157,丹徒,,,監察御史丹徒馬懷素鞫之,Place
L001158,朱雀门,,,爭鋒於朱雀門內,Place
L001159,大明殿,,,問鼎於大明殿前,Place
L001160,汴州,,,嗣立爲汴州刺史。|召鳳閣侍郎、同平章事、檢校汴州刺史韋嗣立赴興泰宮。,Place
L001161,岐山,,,癸丑，張同休貶岐山丞,Place
L001162,博望,,,張昌儀貶博望丞。,Place
L001163,幽營,幽州营州,,庚申，以休璟兼幽營都督、安東都護。,Place
L001164,隴蜀,陇蜀,,又敕璟副李嶠安撫隴、蜀,Place
L001165,白司馬阪,白司马阪,,太后復稅天下僧尼，作大像於白司馬阪,Place
L001166,長生院,长生院,,太后寢疾，居長生院,Place
L001167,迎仙宫,,,太后在迎仙宮，柬之等斬易之、昌宗於廡下,Place
L001168,长生殿,,,進至太后所寢長生殿，環繞侍衞,Place
L001169,上阳宫,,,丁未，太后徙居上陽宮，李湛留宿衞|則天崩於上陽宮|太后之遷上陽宮也,Place
L001170,天津南,,,與易之、昌宗梟首天津南,Place
L001171,灵武,靈武,,姚元之自靈武至都|以左驍衛大將軍裴思說充靈武軍大總管，以備突厥,Place
L001172,阌乡,,,荊府長史閺鄕楊元琰,Place
L001173,安阳,,,駙馬都尉安陽王同皎,Place
L001174,钦州,欽州,,崔神慶流欽州,Place
L001175,龙门,龍門,,癸亥，上幸龍門,Place
L001176,洛城,,,己丑，上御洛城南樓,Place
L001177,西宫,西宮,,則天皇帝在西宮,Place
L001178,同明殿,,,十二月，丁卯，上始御同明殿見群臣,Place
L001179,比干庙,,,周憬亡入比干廟中，大言曰：「比干古之忠臣，知吾此心！」,Place
L001180,天津桥,,,武三思陰令人疏皇后穢行，榜於天津橋,Place
L001181,鸣沙,,,十二月，己卯，突厥默啜寇鳴沙,Place
L001182,嗢鹿州,,,戊戌，以娑葛襲嗢鹿州都督、懷德王,Place
L001183,褒德廟,酆王廟,,因名酆王廟曰褒德，陵曰榮先,Place
L001184,榮先陵,,,因名酆王廟曰褒德，陵曰榮先,Place
L001185,神武門,玄武門(改名後),,改玄武門為神武門，樓為制勝樓,Place
L001186,制勝樓,玄武門樓(改名後),,改玄武門為神武門，樓為制勝樓,Place
L001187,肅章門,,,太子與多祚引兵自肅章門斬關而入,Place
L001188,右延明門,,,成王千里、天水王禧攻右延明門,Place
L001189,終南山,,,太子以百騎走終南山,Place
L001190,鄠西,,,至鄠西，能屬者才數人，憩於林下，為左右所殺,Place
L001191,江、淮,江南,,是歲，上遣使者分道詣江、淮贖生|江南鄉人采捕為業,Place
L001192,長樂坡,,,長樂坡作大像,Place
L001193,拂雲祠,,,河北有拂雲祠，突厥將入寇，必先詣祠祈禱,Place
L001194,三受降城,中城|東城|西城,,以拂雲祠爲中城，距東西兩城各四百餘里|築三受降城於河上,Place
L001195,牛頭朝那山,,,於牛頭朝那山北，置烽候千八百所,Place
L001196,諾眞水,,,戍諾眞水爲邏衞,Place
L001197,昆明池,,,安樂公主請昆明池，上以百姓蒲魚所資，不許,Place
L001198,定昆池,,,己巳，上幸定昆池，命從官賦詩|乃更奪民田作定昆池，延袤數里,Place
L001199,播仙城,,,忠節行至播仙城,Place
L001200,計舒河口,,,忠節逆嘉賓於計舒河口,Place
L001201,圣善寺,,,制廣東都聖善寺，居民失業者數十家,Place
L001202,骊山温汤,,,甲午，上幸驪山温湯,Place
L001203,韦嗣立庄舍,,,庚子，幸韋嗣立莊捨,Place
L001204,关中,,,是歳，關中饑，米斗百錢,Place
L001205,杜陵,,,韋后家本杜陵，不樂東遷,Place
L001206,吉州,,,愔免死，流吉州,Place
L001207,市裡,市里,,中宗與韋後微行觀燈於市裡,Place
L001208,神龍殿,,,六月，壬午，中宗崩於神龍殿。,Place
L001209,隆慶池,隆庆池,,乙未，上幸隆慶池，結綵爲樓，宴侍臣|長安城東隅民王純家井溢，浸成大池數十頃，號隆慶池。,Place
L001210,梨園毯塲,梨园球场,,庚戌，上御梨園毯塲，命文武三品以上抛毯及分朋拔河。,Place
L001211,芳林園,芳林园,,夏，四月，丙戌，上游芳林園，命公卿馬上摘櫻桃。,Place
L001212,杜曲,,,崔日用將兵誅諸韋於杜曲，襁褓兒無免者,Place
L001213,關内道,关内道,,壬辰，命紀處訥持節巡撫關内道,Place
