:START_ID,:END_ID,relation,confidence:float,:TYPE
E000001,T000001,发生于,0.9,EVENT_OCCURS_AT
E000002,T000002,发生于,0.9,EVENT_OCCURS_AT
E000003,T000003,发生于,0.9,EVENT_OCCURS_AT
E000004,T000006,发生于,0.9,EVENT_OCCURS_AT
E000005,T000007,发生于,0.9,EVENT_OCCURS_AT
E000006,T000005,发生于,0.9,EVENT_OCCURS_AT
E000007,T000013,发生于,0.95,EVENT_OCCURS_AT
E000008,T000014,发生于,0.95,EVENT_OCCURS_AT
E000009,T000015,发生于,0.95,EVENT_OCCURS_AT
E000010,T000016,发生于,0.95,EVENT_OCCURS_AT
E000011,T000017,发生于,0.95,EVENT_OCCURS_AT
E000013,T001001,发生于,0.95,EVENT_OCCURS_AT
E000016,T000020,发生于,0.9,EVENT_OCCURS_AT
E000019,T001026,发生于,0.95,EVENT_OCCURS_AT
E000020,T000023,发生于,0.95,EVENT_OCCURS_AT
E000034,T000041,发生于,0.9,EVENT_OCCURS_AT
E000035,T000042,发生于,0.9,EVENT_OCCURS_AT
E000036,T000043,发生于,0.9,EVENT_OCCURS_AT
E000037,T000044,发生于,0.9,EVENT_OCCURS_AT
E000038,T000048,发生于,0.9,EVENT_OCCURS_AT
E000039,T000049,发生于,0.9,EVENT_OCCURS_AT
E000041,T000053,发生于,0.9,EVENT_OCCURS_AT
E000042,T000055,发生于,0.9,EVENT_OCCURS_AT
E000043,T000057,发生于,0.9,EVENT_OCCURS_AT
E000047,T000082,发生于,0.9,EVENT_OCCURS_AT
E000048,T000082,发生于,0.9,EVENT_OCCURS_AT
E000052,T000003,发生于,0.9,EVENT_OCCURS_AT
E000053,T000064,发生于,0.9,EVENT_OCCURS_AT
E000054,T000065,发生于,0.9,EVENT_OCCURS_AT
E000055,T000066,发生于,0.9,EVENT_OCCURS_AT
E000056,T000067,发生于,0.9,EVENT_OCCURS_AT
E000057,T000069,发生于,0.9,EVENT_OCCURS_AT
E000061,T000072,发生于,0.9,EVENT_OCCURS_AT
E000062,T000073,发生于,0.95,EVENT_OCCURS_AT
E000063,T000074,发生于,0.95,EVENT_OCCURS_AT
E000064,T000075,发生于,0.9,EVENT_OCCURS_AT
E000065,T000075,发生于,0.9,EVENT_OCCURS_AT
E000066,T000076,发生于,0.95,EVENT_OCCURS_AT
E000067,T000077,发生于,0.9,EVENT_OCCURS_AT
E000069,T000078,发生于,0.9,EVENT_OCCURS_AT
E000070,T000079,发生于,0.9,EVENT_OCCURS_AT
E000071,T000080,发生于,0.95,EVENT_OCCURS_AT
E000072,T000081,发生于,0.9,EVENT_OCCURS_AT
E000073,T000082,发生于,0.9,EVENT_OCCURS_AT
E000077,T000157,发生于,0.9,EVENT_OCCURS_AT
E000081,T000084,发生于,0.9,EVENT_OCCURS_AT
E000082,T000085,发生于,0.9,EVENT_OCCURS_AT
E000083,T000087,发生于,0.9,EVENT_OCCURS_AT
E000084,T000088,发生于,0.9,EVENT_OCCURS_AT
E000085,T000089,发生于,0.9,EVENT_OCCURS_AT
E000086,T000090,发生于,0.9,EVENT_OCCURS_AT
E000087,T000091,发生于,0.9,EVENT_OCCURS_AT
E000088,T000092,发生于,0.9,EVENT_OCCURS_AT
E000089,T000072,发生于,0.9,EVENT_OCCURS_AT
E000090,T000094,发生于,0.9,EVENT_OCCURS_AT
E000091,T000095,发生于,0.9,EVENT_OCCURS_AT
E000092,T000096,发生于,0.9,EVENT_OCCURS_AT
E000093,T000097,发生于,0.9,EVENT_OCCURS_AT
E000094,T000098,发生于,0.9,EVENT_OCCURS_AT
E000095,T000099,发生于,0.9,EVENT_OCCURS_AT
E000096,T000099,发生于,0.9,EVENT_OCCURS_AT
E000097,T000100,发生于,0.9,EVENT_OCCURS_AT
E000098,T000101,发生于,0.9,EVENT_OCCURS_AT
E000099,T000102,发生于,0.9,EVENT_OCCURS_AT
E000100,T000102,发生于,0.9,EVENT_OCCURS_AT
E000101,T000015,发生于,0.9,EVENT_OCCURS_AT
E000102,T000103,发生于,0.9,EVENT_OCCURS_AT
E000103,T000103,发生于,0.9,EVENT_OCCURS_AT
E000104,T000105,发生于,0.9,EVENT_OCCURS_AT
E000105,T000106,发生于,0.9,EVENT_OCCURS_AT
E000106,T000107,发生于,0.9,EVENT_OCCURS_AT
E000107,T000108,发生于,0.9,EVENT_OCCURS_AT
E000108,T000109,发生于,0.9,EVENT_OCCURS_AT
E000109,T000111,发生于,0.9,EVENT_OCCURS_AT
E000110,T000113,发生于,0.9,EVENT_OCCURS_AT
E000111,T000114,发生于,0.9,EVENT_OCCURS_AT
E000113,T000117,发生于,0.9,EVENT_OCCURS_AT
E000114,T000118,发生于,0.9,EVENT_OCCURS_AT
E000115,T000120,发生于,0.9,EVENT_OCCURS_AT
E000126,T000121,发生于,0.9,EVENT_OCCURS_AT
E000127,T000029,发生于,0.9,EVENT_OCCURS_AT
E000128,T000121,发生于,0.9,EVENT_OCCURS_AT
E000129,T000122,发生于,0.9,EVENT_OCCURS_AT
E000130,T000122,发生于,0.9,EVENT_OCCURS_AT
E000132,T000123,发生于,0.9,EVENT_OCCURS_AT
E000133,T000124,发生于,0.9,EVENT_OCCURS_AT
E000134,T000125,发生于,0.9,EVENT_OCCURS_AT
E000139,T000126,发生于,0.9,EVENT_OCCURS_AT
E000140,T000127,发生于,0.9,EVENT_OCCURS_AT
E000141,T000128,发生于,0.9,EVENT_OCCURS_AT
E000148,T000141,发生于,0.95,EVENT_OCCURS_AT
E000149,T000143,发生于,0.95,EVENT_OCCURS_AT
E000152,T000154,发生于,0.9,EVENT_OCCURS_AT
E000153,T000154,发生于,0.9,EVENT_OCCURS_AT
E000154,T000155,发生于,0.9,EVENT_OCCURS_AT
E000155,T000158,发生于,0.9,EVENT_OCCURS_AT
E000156,T000160,发生于,0.9,EVENT_OCCURS_AT
E000157,T000170,发生于,0.9,EVENT_OCCURS_AT
E000158,T000164,发生于,0.9,EVENT_OCCURS_AT
E000159,T000173,发生于,0.9,EVENT_OCCURS_AT
E000162,T000174,发生于,0.9,EVENT_OCCURS_AT
E000163,T000175,发生于,0.9,EVENT_OCCURS_AT
E000164,T000177,发生于,0.9,EVENT_OCCURS_AT
E000165,T000082,发生于,0.9,EVENT_OCCURS_AT
E000167,T000183,发生于,0.9,EVENT_OCCURS_AT
E000168,T000210,发生于,0.9,EVENT_OCCURS_AT
E000169,T000211,发生于,0.9,EVENT_OCCURS_AT
E000170,T000212,发生于,0.9,EVENT_OCCURS_AT
E000173,T000226,发生于,0.9,EVENT_OCCURS_AT
E000175,T000228,发生于,0.9,EVENT_OCCURS_AT
E000176,T000229,发生于,0.9,EVENT_OCCURS_AT
E000178,T000231,发生于,0.9,EVENT_OCCURS_AT
E000180,T000234,发生于,0.9,EVENT_OCCURS_AT
E000181,T000235,发生于,0.9,EVENT_OCCURS_AT
E000183,T000242,发生于,0.9,EVENT_OCCURS_AT
E000188,T000248,发生于,0.95,EVENT_OCCURS_AT
E000189,T000175,发生于,0.95,EVENT_OCCURS_AT
E000198,T000001,发生于,0.9,EVENT_OCCURS_AT
E000200,T000263,发生于,0.95,EVENT_OCCURS_AT
E000201,T000264,发生于,0.95,EVENT_OCCURS_AT
E000202,T000267,发生于,0.95,EVENT_OCCURS_AT
E000205,T000274,发生于,0.9,EVENT_OCCURS_AT
E000206,T000275,发生于,0.95,EVENT_OCCURS_AT
E000207,T000273,发生于,0.95,EVENT_OCCURS_AT
E000214,T000285,发生于,0.9,EVENT_OCCURS_AT
E000216,T001746,发生于,0.9,EVENT_OCCURS_AT
E000239,T000313,发生于,0.95,EVENT_OCCURS_AT
E000240,T000314,发生于,0.95,EVENT_OCCURS_AT
E000241,T000315,发生于,0.95,EVENT_OCCURS_AT
E000243,T000317,发生于,0.95,EVENT_OCCURS_AT
E000244,T000318,发生于,0.95,EVENT_OCCURS_AT
E000246,T000319,发生于,0.95,EVENT_OCCURS_AT
E000253,T000322,发生于,0.9,EVENT_OCCURS_AT
E000256,T000324,发生于,0.9,EVENT_OCCURS_AT
E000257,T000326,发生于,0.9,EVENT_OCCURS_AT
E000258,T000327,发生于,0.9,EVENT_OCCURS_AT
E000259,T000328,发生于,0.9,EVENT_OCCURS_AT
E000260,T000329,发生于,0.9,EVENT_OCCURS_AT
E000261,T000330,发生于,0.9,EVENT_OCCURS_AT
E000262,T000331,发生于,0.9,EVENT_OCCURS_AT
E000263,T000333,发生于,0.9,EVENT_OCCURS_AT
E000264,T000335,发生于,0.9,EVENT_OCCURS_AT
E000265,T000336,发生于,0.9,EVENT_OCCURS_AT
E000266,T000336,发生于,0.9,EVENT_OCCURS_AT
E000267,T000337,发生于,0.9,EVENT_OCCURS_AT
E000268,T000337,发生于,0.9,EVENT_OCCURS_AT
E000269,T000338,发生于,0.9,EVENT_OCCURS_AT
E000270,T000339,发生于,0.9,EVENT_OCCURS_AT
E000271,T000342,发生于,0.9,EVENT_OCCURS_AT
E000272,T000343,发生于,0.9,EVENT_OCCURS_AT
E000273,T000344,发生于,0.9,EVENT_OCCURS_AT
E000275,T000349,发生于,0.9,EVENT_OCCURS_AT
E000276,T000350,发生于,0.9,EVENT_OCCURS_AT
E000277,T000352,发生于,0.9,EVENT_OCCURS_AT
E000278,T000354,发生于,0.9,EVENT_OCCURS_AT
E000279,T000356,发生于,0.9,EVENT_OCCURS_AT
E000280,T000357,发生于,0.9,EVENT_OCCURS_AT
E000281,T000358,发生于,0.9,EVENT_OCCURS_AT
E000282,T000359,发生于,0.9,EVENT_OCCURS_AT
E000283,T000361,发生于,0.9,EVENT_OCCURS_AT
E000284,T000362,发生于,0.9,EVENT_OCCURS_AT
E000285,T000362,发生于,0.9,EVENT_OCCURS_AT
E000286,T000363,发生于,0.9,EVENT_OCCURS_AT
E000287,T000365,发生于,0.9,EVENT_OCCURS_AT
E000288,T000366,发生于,0.9,EVENT_OCCURS_AT
E000289,T000369,发生于,0.9,EVENT_OCCURS_AT
E000290,T000370,发生于,0.9,EVENT_OCCURS_AT
E000291,T000371,发生于,0.9,EVENT_OCCURS_AT
E000292,T000372,发生于,0.9,EVENT_OCCURS_AT
E000293,T000373,发生于,0.9,EVENT_OCCURS_AT
E000297,T000374,发生于,0.9,EVENT_OCCURS_AT
E000298,T000375,发生于,0.9,EVENT_OCCURS_AT
E000299,T000376,发生于,0.9,EVENT_OCCURS_AT
E000300,T000377,发生于,0.9,EVENT_OCCURS_AT
E000301,T000378,发生于,0.9,EVENT_OCCURS_AT
E000302,T000379,发生于,0.9,EVENT_OCCURS_AT
E000303,T000380,发生于,0.9,EVENT_OCCURS_AT
E000304,T000381,发生于,0.9,EVENT_OCCURS_AT
E000305,T000382,发生于,0.9,EVENT_OCCURS_AT
E000306,T001437,发生于,0.9,EVENT_OCCURS_AT
E000307,T000383,发生于,0.9,EVENT_OCCURS_AT
E000308,T000384,发生于,0.9,EVENT_OCCURS_AT
E000309,T000385,发生于,0.9,EVENT_OCCURS_AT
E000310,T000386,发生于,0.9,EVENT_OCCURS_AT
E000311,T000387,发生于,0.9,EVENT_OCCURS_AT
E000312,T000388,发生于,0.9,EVENT_OCCURS_AT
E000313,T000389,发生于,0.9,EVENT_OCCURS_AT
E000314,T000390,发生于,0.9,EVENT_OCCURS_AT
E000315,T000391,发生于,0.9,EVENT_OCCURS_AT
E000316,T000392,发生于,0.9,EVENT_OCCURS_AT
E000317,T000393,发生于,0.9,EVENT_OCCURS_AT
E000318,T000394,发生于,0.9,EVENT_OCCURS_AT
E000319,T000395,发生于,0.9,EVENT_OCCURS_AT
E000320,T000396,发生于,0.9,EVENT_OCCURS_AT
E000321,T000397,发生于,0.9,EVENT_OCCURS_AT
E000322,T000399,发生于,0.9,EVENT_OCCURS_AT
E000323,T000400,发生于,0.9,EVENT_OCCURS_AT
E000324,T000401,发生于,0.9,EVENT_OCCURS_AT
E000325,T000402,发生于,0.9,EVENT_OCCURS_AT
E000326,T000403,发生于,0.9,EVENT_OCCURS_AT
E000327,T000404,发生于,0.9,EVENT_OCCURS_AT
E000328,T000405,发生于,0.9,EVENT_OCCURS_AT
E000329,T000406,发生于,0.9,EVENT_OCCURS_AT
E000330,T000407,发生于,0.9,EVENT_OCCURS_AT
E000331,T000408,发生于,0.9,EVENT_OCCURS_AT
E000332,T000409,发生于,0.9,EVENT_OCCURS_AT
E000333,T000410,发生于,0.9,EVENT_OCCURS_AT
E000334,T000411,发生于,0.9,EVENT_OCCURS_AT
E000335,T000411,发生于,0.9,EVENT_OCCURS_AT
E000336,T000412,发生于,0.9,EVENT_OCCURS_AT
E000337,T000413,发生于,0.9,EVENT_OCCURS_AT
E000338,T000414,发生于,0.9,EVENT_OCCURS_AT
E000339,T000398,发生于,0.9,EVENT_OCCURS_AT
E000340,T000415,发生于,0.9,EVENT_OCCURS_AT
E000341,T000416,发生于,0.9,EVENT_OCCURS_AT
E000342,T000417,发生于,0.9,EVENT_OCCURS_AT
E000343,T000418,发生于,0.9,EVENT_OCCURS_AT
E000344,T000419,发生于,0.9,EVENT_OCCURS_AT
E000345,T000420,发生于,0.9,EVENT_OCCURS_AT
E000346,T000421,发生于,0.9,EVENT_OCCURS_AT
E000347,T000422,发生于,0.9,EVENT_OCCURS_AT
E000348,T000423,发生于,0.9,EVENT_OCCURS_AT
E000349,T000424,发生于,0.9,EVENT_OCCURS_AT
E000350,T000425,发生于,0.9,EVENT_OCCURS_AT
E000351,T000426,发生于,0.9,EVENT_OCCURS_AT
E000352,T000427,发生于,0.9,EVENT_OCCURS_AT
E000353,T000428,发生于,0.9,EVENT_OCCURS_AT
E000354,T000429,发生于,0.9,EVENT_OCCURS_AT
E000355,T000430,发生于,0.9,EVENT_OCCURS_AT
E000356,T000431,发生于,0.9,EVENT_OCCURS_AT
E000357,T000432,发生于,0.9,EVENT_OCCURS_AT
E000358,T000433,发生于,0.9,EVENT_OCCURS_AT
E000359,T000434,发生于,0.9,EVENT_OCCURS_AT
E000360,T000435,发生于,0.9,EVENT_OCCURS_AT
E000361,T000436,发生于,0.9,EVENT_OCCURS_AT
E000362,T000437,发生于,0.9,EVENT_OCCURS_AT
E000363,T000439,发生于,0.9,EVENT_OCCURS_AT
E000364,T000441,发生于,0.9,EVENT_OCCURS_AT
E000365,T000442,发生于,0.9,EVENT_OCCURS_AT
E000366,T000443,发生于,0.9,EVENT_OCCURS_AT
E000367,T000444,发生于,0.9,EVENT_OCCURS_AT
E000368,T000449,发生于,0.9,EVENT_OCCURS_AT
E000369,T000447,发生于,0.9,EVENT_OCCURS_AT
E000370,T000450,发生于,0.9,EVENT_OCCURS_AT
E000371,T000451,发生于,0.9,EVENT_OCCURS_AT
E000372,T000455,发生于,0.9,EVENT_OCCURS_AT
E000373,T000456,发生于,0.9,EVENT_OCCURS_AT
E000374,T000466,发生于,0.9,EVENT_OCCURS_AT
E000375,T000467,发生于,0.9,EVENT_OCCURS_AT
E000376,T000467,发生于,0.9,EVENT_OCCURS_AT
E000377,T000468,发生于,0.9,EVENT_OCCURS_AT
E000378,T000469,发生于,0.9,EVENT_OCCURS_AT
E000379,T000470,发生于,0.9,EVENT_OCCURS_AT
E000380,T000470,发生于,0.9,EVENT_OCCURS_AT
E000381,T000471,发生于,0.9,EVENT_OCCURS_AT
E000382,T000472,发生于,0.9,EVENT_OCCURS_AT
E000383,T000473,发生于,0.9,EVENT_OCCURS_AT
E000384,T000474,发生于,0.9,EVENT_OCCURS_AT
E000385,T000475,发生于,0.9,EVENT_OCCURS_AT
E000386,T000476,发生于,0.9,EVENT_OCCURS_AT
E000387,T000477,发生于,0.9,EVENT_OCCURS_AT
E000388,T000478,发生于,0.9,EVENT_OCCURS_AT
E000389,T000478,发生于,0.9,EVENT_OCCURS_AT
E000390,T000479,发生于,0.9,EVENT_OCCURS_AT
E000391,T000480,发生于,0.9,EVENT_OCCURS_AT
E000392,T000481,发生于,0.9,EVENT_OCCURS_AT
E000393,T000482,发生于,0.9,EVENT_OCCURS_AT
E000394,T000483,发生于,0.9,EVENT_OCCURS_AT
E000395,T000484,发生于,0.9,EVENT_OCCURS_AT
E000396,T000485,发生于,0.9,EVENT_OCCURS_AT
E000397,T000486,发生于,0.9,EVENT_OCCURS_AT
E000398,T000487,发生于,0.9,EVENT_OCCURS_AT
E000399,T000488,发生于,0.9,EVENT_OCCURS_AT
E000400,T000489,发生于,0.9,EVENT_OCCURS_AT
E000401,T000490,发生于,0.9,EVENT_OCCURS_AT
E000402,T000491,发生于,0.9,EVENT_OCCURS_AT
E000403,T000492,发生于,0.9,EVENT_OCCURS_AT
E000404,T000493,发生于,0.9,EVENT_OCCURS_AT
E000405,T000493,发生于,0.9,EVENT_OCCURS_AT
E000406,T000493,发生于,0.9,EVENT_OCCURS_AT
E000407,T000493,发生于,0.9,EVENT_OCCURS_AT
E000408,T000494,发生于,0.9,EVENT_OCCURS_AT
E000409,T000495,发生于,0.9,EVENT_OCCURS_AT
E000410,T000496,发生于,0.9,EVENT_OCCURS_AT
E000411,T000497,发生于,0.9,EVENT_OCCURS_AT
E000412,T000498,发生于,0.9,EVENT_OCCURS_AT
E000413,T000498,发生于,0.9,EVENT_OCCURS_AT
E000414,T000498,发生于,0.9,EVENT_OCCURS_AT
E000415,T000498,发生于,0.9,EVENT_OCCURS_AT
E000416,T000500,发生于,0.9,EVENT_OCCURS_AT
E000417,T000501,发生于,0.9,EVENT_OCCURS_AT
E000418,T000502,发生于,0.9,EVENT_OCCURS_AT
E000419,T000503,发生于,0.9,EVENT_OCCURS_AT
E000420,T000504,发生于,0.9,EVENT_OCCURS_AT
E000421,T000505,发生于,0.9,EVENT_OCCURS_AT
E000422,T000506,发生于,0.9,EVENT_OCCURS_AT
E000423,T000507,发生于,0.9,EVENT_OCCURS_AT
E000424,T000508,发生于,0.9,EVENT_OCCURS_AT
E000425,T000509,发生于,0.9,EVENT_OCCURS_AT
E000426,T000509,发生于,0.9,EVENT_OCCURS_AT
E000427,T000510,发生于,0.9,EVENT_OCCURS_AT
E000428,T000511,发生于,0.9,EVENT_OCCURS_AT
E000429,T000512,发生于,0.9,EVENT_OCCURS_AT
E000430,T000512,发生于,0.9,EVENT_OCCURS_AT
E000431,T000513,发生于,0.9,EVENT_OCCURS_AT
E000432,T000514,发生于,0.9,EVENT_OCCURS_AT
E000433,T000515,发生于,0.9,EVENT_OCCURS_AT
E000434,T000516,发生于,0.9,EVENT_OCCURS_AT
E000435,T000517,发生于,0.9,EVENT_OCCURS_AT
E000436,T000518,发生于,0.9,EVENT_OCCURS_AT
E000437,T000520,发生于,0.95,EVENT_OCCURS_AT
E000438,T000521,发生于,0.95,EVENT_OCCURS_AT
E000439,T000521,发生于,0.95,EVENT_OCCURS_AT
E000440,T000522,发生于,0.95,EVENT_OCCURS_AT
E000441,T000523,发生于,0.95,EVENT_OCCURS_AT
E000442,T000524,发生于,0.95,EVENT_OCCURS_AT
E000443,T000525,发生于,0.95,EVENT_OCCURS_AT
E000444,T000526,发生于,0.95,EVENT_OCCURS_AT
E000445,T000527,发生于,0.95,EVENT_OCCURS_AT
E000446,T000528,发生于,0.95,EVENT_OCCURS_AT
E000447,T000529,发生于,0.95,EVENT_OCCURS_AT
E000448,T000530,发生于,0.95,EVENT_OCCURS_AT
E000449,T000531,发生于,0.9,EVENT_OCCURS_AT
E000450,T000532,发生于,0.95,EVENT_OCCURS_AT
E000451,T000533,发生于,0.95,EVENT_OCCURS_AT
E000452,T000534,发生于,0.95,EVENT_OCCURS_AT
E000453,T000535,发生于,0.9,EVENT_OCCURS_AT
E000454,T000536,发生于,0.9,EVENT_OCCURS_AT
E000455,T000537,发生于,0.9,EVENT_OCCURS_AT
E000456,T000538,发生于,0.9,EVENT_OCCURS_AT
E000457,T000539,发生于,0.9,EVENT_OCCURS_AT
E000458,T000540,发生于,0.9,EVENT_OCCURS_AT
E000459,T000541,发生于,0.9,EVENT_OCCURS_AT
E000460,T000542,发生于,0.9,EVENT_OCCURS_AT
E000461,T000543,发生于,0.9,EVENT_OCCURS_AT
E000462,T000544,发生于,0.9,EVENT_OCCURS_AT
E000463,T000545,发生于,0.9,EVENT_OCCURS_AT
E000464,T000547,发生于,0.9,EVENT_OCCURS_AT
E000465,T000548,发生于,0.9,EVENT_OCCURS_AT
E000466,T000549,发生于,0.9,EVENT_OCCURS_AT
E000467,T000550,发生于,0.9,EVENT_OCCURS_AT
E000468,T000551,发生于,0.9,EVENT_OCCURS_AT
E000469,T000552,发生于,0.9,EVENT_OCCURS_AT
E000470,T000553,发生于,0.9,EVENT_OCCURS_AT
E000471,T000554,发生于,0.9,EVENT_OCCURS_AT
E000472,T000555,发生于,0.9,EVENT_OCCURS_AT
E000473,T000556,发生于,0.9,EVENT_OCCURS_AT
E000474,T000557,发生于,0.9,EVENT_OCCURS_AT
E000475,T000558,发生于,0.9,EVENT_OCCURS_AT
E000476,T000559,发生于,0.9,EVENT_OCCURS_AT
E000477,T000560,发生于,0.9,EVENT_OCCURS_AT
E000478,T000561,发生于,0.9,EVENT_OCCURS_AT
E000479,T000562,发生于,0.9,EVENT_OCCURS_AT
E000480,T000563,发生于,0.9,EVENT_OCCURS_AT
E000481,T000565,发生于,0.9,EVENT_OCCURS_AT
E000482,T000565,发生于,0.9,EVENT_OCCURS_AT
E000483,T000565,发生于,0.9,EVENT_OCCURS_AT
E000484,T000565,发生于,0.9,EVENT_OCCURS_AT
E000485,T000566,发生于,0.9,EVENT_OCCURS_AT
E000486,T000567,发生于,0.9,EVENT_OCCURS_AT
E000487,T000568,发生于,0.9,EVENT_OCCURS_AT
E000488,T000569,发生于,0.9,EVENT_OCCURS_AT
E000489,T000570,发生于,0.9,EVENT_OCCURS_AT
E000490,T000571,发生于,0.9,EVENT_OCCURS_AT
E000491,T000572,发生于,0.9,EVENT_OCCURS_AT
E000492,T000573,发生于,0.9,EVENT_OCCURS_AT
E000493,T000574,发生于,0.9,EVENT_OCCURS_AT
E000494,T000574,发生于,0.9,EVENT_OCCURS_AT
E000495,T000575,发生于,0.9,EVENT_OCCURS_AT
E000496,T000575,发生于,0.9,EVENT_OCCURS_AT
E000497,T000575,发生于,0.9,EVENT_OCCURS_AT
E000498,T000575,发生于,0.9,EVENT_OCCURS_AT
E000499,T000575,发生于,0.9,EVENT_OCCURS_AT
E000500,T000575,发生于,0.9,EVENT_OCCURS_AT
E000501,T000578,发生于,0.95,EVENT_OCCURS_AT
E000502,T000579,发生于,0.95,EVENT_OCCURS_AT
E000503,T000580,发生于,0.95,EVENT_OCCURS_AT
E000504,T000581,发生于,0.95,EVENT_OCCURS_AT
E000505,T000582,发生于,0.95,EVENT_OCCURS_AT
E000506,T000583,发生于,0.95,EVENT_OCCURS_AT
E000507,T000584,发生于,0.95,EVENT_OCCURS_AT
E000508,T000585,发生于,0.95,EVENT_OCCURS_AT
E000509,T000586,发生于,0.95,EVENT_OCCURS_AT
E000510,T000587,发生于,0.95,EVENT_OCCURS_AT
E000511,T000588,发生于,0.95,EVENT_OCCURS_AT
E000512,T000589,发生于,0.95,EVENT_OCCURS_AT
E000513,T000590,发生于,0.95,EVENT_OCCURS_AT
E000514,T000591,发生于,0.95,EVENT_OCCURS_AT
E000515,T000592,发生于,0.95,EVENT_OCCURS_AT
E000516,T000593,发生于,0.95,EVENT_OCCURS_AT
E000517,T000594,发生于,0.95,EVENT_OCCURS_AT
E000518,T000595,发生于,0.95,EVENT_OCCURS_AT
E000519,T000596,发生于,0.95,EVENT_OCCURS_AT
E000520,T000597,发生于,0.95,EVENT_OCCURS_AT
E000521,T000599,发生于,0.9,EVENT_OCCURS_AT
E000522,T000600,发生于,0.9,EVENT_OCCURS_AT
E000523,T000601,发生于,0.9,EVENT_OCCURS_AT
E000524,T000602,发生于,0.9,EVENT_OCCURS_AT
E000525,T000603,发生于,0.9,EVENT_OCCURS_AT
E000526,T000604,发生于,0.9,EVENT_OCCURS_AT
E000527,T000605,发生于,0.9,EVENT_OCCURS_AT
E000528,T000606,发生于,0.9,EVENT_OCCURS_AT
E000529,T000607,发生于,0.9,EVENT_OCCURS_AT
E000530,T000608,发生于,0.9,EVENT_OCCURS_AT
E000531,T000609,发生于,0.9,EVENT_OCCURS_AT
E000532,T000610,发生于,0.9,EVENT_OCCURS_AT
E000533,T000611,发生于,0.9,EVENT_OCCURS_AT
E000534,T000612,发生于,0.9,EVENT_OCCURS_AT
E000535,T000613,发生于,0.9,EVENT_OCCURS_AT
E000536,T000614,发生于,0.9,EVENT_OCCURS_AT
E000537,T000615,发生于,0.9,EVENT_OCCURS_AT
E000538,T000616,发生于,0.9,EVENT_OCCURS_AT
E000539,T000617,发生于,0.9,EVENT_OCCURS_AT
E000540,T000618,发生于,0.9,EVENT_OCCURS_AT
E000541,T000619,发生于,0.9,EVENT_OCCURS_AT
E000542,T000622,发生于,0.9,EVENT_OCCURS_AT
E000543,T000623,发生于,0.9,EVENT_OCCURS_AT
E000544,T000624,发生于,0.9,EVENT_OCCURS_AT
E000545,T000625,发生于,0.9,EVENT_OCCURS_AT
E000546,T000626,发生于,0.9,EVENT_OCCURS_AT
E000547,T000627,发生于,0.9,EVENT_OCCURS_AT
E000548,T000629,发生于,0.9,EVENT_OCCURS_AT
E000549,T000630,发生于,0.9,EVENT_OCCURS_AT
E000550,T000632,发生于,0.9,EVENT_OCCURS_AT
E000551,T000633,发生于,0.9,EVENT_OCCURS_AT
E000552,T000634,发生于,0.9,EVENT_OCCURS_AT
E000553,T000636,发生于,0.9,EVENT_OCCURS_AT
E000555,T000637,发生于,0.9,EVENT_OCCURS_AT
E000556,T000638,发生于,0.9,EVENT_OCCURS_AT
E000557,T000639,发生于,0.9,EVENT_OCCURS_AT
E000558,T000640,发生于,0.9,EVENT_OCCURS_AT
E000559,T000641,发生于,0.9,EVENT_OCCURS_AT
E000560,T000641,发生于,0.9,EVENT_OCCURS_AT
E000561,T000641,发生于,0.9,EVENT_OCCURS_AT
E000562,T000642,发生于,0.9,EVENT_OCCURS_AT
E000563,T000643,发生于,0.9,EVENT_OCCURS_AT
E000564,T000644,发生于,0.9,EVENT_OCCURS_AT
E000565,T000645,发生于,0.9,EVENT_OCCURS_AT
E000566,T000646,发生于,0.9,EVENT_OCCURS_AT
E000567,T000647,发生于,0.9,EVENT_OCCURS_AT
E000568,T000648,发生于,0.9,EVENT_OCCURS_AT
E000569,T000649,发生于,0.9,EVENT_OCCURS_AT
E000570,T000649,发生于,0.9,EVENT_OCCURS_AT
E000571,T000650,发生于,0.9,EVENT_OCCURS_AT
E000572,T000651,发生于,0.9,EVENT_OCCURS_AT
E000573,T000652,发生于,0.9,EVENT_OCCURS_AT
E000574,T000653,发生于,0.9,EVENT_OCCURS_AT
E000575,T000654,发生于,0.9,EVENT_OCCURS_AT
E000576,T000655,发生于,0.9,EVENT_OCCURS_AT
E000578,T000656,发生于,0.9,EVENT_OCCURS_AT
E000579,T000657,发生于,0.9,EVENT_OCCURS_AT
E000580,T000658,发生于,0.9,EVENT_OCCURS_AT
E000581,T000659,发生于,0.9,EVENT_OCCURS_AT
E000582,T000660,发生于,0.9,EVENT_OCCURS_AT
E000583,T000661,发生于,0.9,EVENT_OCCURS_AT
E000584,T000663,发生于,0.9,EVENT_OCCURS_AT
E000585,T000664,发生于,0.9,EVENT_OCCURS_AT
E000586,T000665,发生于,0.9,EVENT_OCCURS_AT
E000587,T000666,发生于,0.9,EVENT_OCCURS_AT
E000589,T000667,发生于,0.9,EVENT_OCCURS_AT
E000590,T000668,发生于,0.9,EVENT_OCCURS_AT
E000591,T000669,发生于,0.9,EVENT_OCCURS_AT
E000592,T000670,发生于,0.9,EVENT_OCCURS_AT
E000593,T000671,发生于,0.9,EVENT_OCCURS_AT
E000595,T000672,发生于,0.9,EVENT_OCCURS_AT
E000596,T000673,发生于,0.9,EVENT_OCCURS_AT
E000597,T000674,发生于,0.9,EVENT_OCCURS_AT
E000598,T000675,发生于,0.9,EVENT_OCCURS_AT
E000599,T000676,发生于,0.9,EVENT_OCCURS_AT
E000600,T000677,发生于,0.9,EVENT_OCCURS_AT
E000601,T000678,发生于,0.9,EVENT_OCCURS_AT
E000602,T000679,发生于,0.9,EVENT_OCCURS_AT
E000603,T000680,发生于,0.9,EVENT_OCCURS_AT
E000604,T000681,发生于,0.9,EVENT_OCCURS_AT
E000605,T000682,发生于,0.9,EVENT_OCCURS_AT
E000606,T000683,发生于,0.9,EVENT_OCCURS_AT
E000607,T000684,发生于,0.9,EVENT_OCCURS_AT
E000608,T000685,发生于,0.9,EVENT_OCCURS_AT
E000609,T000686,发生于,0.9,EVENT_OCCURS_AT
E000610,T000687,发生于,0.9,EVENT_OCCURS_AT
E000611,T000688,发生于,0.9,EVENT_OCCURS_AT
E000612,T000690,发生于,0.9,EVENT_OCCURS_AT
E000613,T000691,发生于,0.9,EVENT_OCCURS_AT
E000614,T000692,发生于,0.9,EVENT_OCCURS_AT
E000615,T000693,发生于,0.9,EVENT_OCCURS_AT
E000616,T000694,发生于,0.9,EVENT_OCCURS_AT
E000617,T000695,发生于,0.9,EVENT_OCCURS_AT
E000618,T000696,发生于,0.9,EVENT_OCCURS_AT
E000619,T000697,发生于,0.9,EVENT_OCCURS_AT
E000620,T000698,发生于,0.9,EVENT_OCCURS_AT
E000621,T000699,发生于,0.9,EVENT_OCCURS_AT
E000622,T000700,发生于,0.9,EVENT_OCCURS_AT
E000623,T000701,发生于,0.9,EVENT_OCCURS_AT
E000624,T000702,发生于,0.9,EVENT_OCCURS_AT
E000625,T000703,发生于,0.9,EVENT_OCCURS_AT
E000626,T000704,发生于,0.9,EVENT_OCCURS_AT
E000627,T000705,发生于,0.9,EVENT_OCCURS_AT
E000628,T000706,发生于,0.9,EVENT_OCCURS_AT
E000629,T000706,发生于,0.9,EVENT_OCCURS_AT
E000630,T000707,发生于,0.9,EVENT_OCCURS_AT
E000631,T000708,发生于,0.9,EVENT_OCCURS_AT
E000632,T000709,发生于,0.9,EVENT_OCCURS_AT
E000633,T000711,发生于,0.9,EVENT_OCCURS_AT
E000634,T000712,发生于,0.9,EVENT_OCCURS_AT
E000635,T000713,发生于,0.9,EVENT_OCCURS_AT
E000636,T000714,发生于,0.9,EVENT_OCCURS_AT
E000637,T000715,发生于,0.9,EVENT_OCCURS_AT
E000638,T000716,发生于,0.9,EVENT_OCCURS_AT
E000639,T000717,发生于,0.9,EVENT_OCCURS_AT
E000640,T000718,发生于,0.9,EVENT_OCCURS_AT
E000641,T000720,发生于,0.9,EVENT_OCCURS_AT
E000642,T000719,发生于,0.9,EVENT_OCCURS_AT
E000643,T000721,发生于,0.9,EVENT_OCCURS_AT
E000644,T000722,发生于,0.9,EVENT_OCCURS_AT
E000645,T000276,发生于,0.9,EVENT_OCCURS_AT
E000646,T000723,发生于,0.9,EVENT_OCCURS_AT
E000647,T000724,发生于,0.9,EVENT_OCCURS_AT
E000648,T000725,发生于,0.9,EVENT_OCCURS_AT
E000650,T000726,发生于,0.9,EVENT_OCCURS_AT
E000651,T000727,发生于,0.9,EVENT_OCCURS_AT
E000652,T000728,发生于,0.9,EVENT_OCCURS_AT
E000653,T000729,发生于,0.9,EVENT_OCCURS_AT
E000654,T000730,发生于,0.9,EVENT_OCCURS_AT
E000655,T000731,发生于,0.9,EVENT_OCCURS_AT
E000656,T000732,发生于,0.9,EVENT_OCCURS_AT
E000657,T000733,发生于,0.9,EVENT_OCCURS_AT
E000658,T000734,发生于,0.9,EVENT_OCCURS_AT
E000659,T000735,发生于,0.9,EVENT_OCCURS_AT
E000660,T000736,发生于,0.9,EVENT_OCCURS_AT
E000661,T000737,发生于,0.9,EVENT_OCCURS_AT
E000662,T000738,发生于,0.9,EVENT_OCCURS_AT
E000663,T000739,发生于,0.9,EVENT_OCCURS_AT
E000664,T000740,发生于,0.9,EVENT_OCCURS_AT
E000665,T000741,发生于,0.9,EVENT_OCCURS_AT
E000666,T000741,发生于,0.9,EVENT_OCCURS_AT
E000667,T000742,发生于,0.9,EVENT_OCCURS_AT
E000668,T000743,发生于,0.9,EVENT_OCCURS_AT
E000669,T000743,发生于,0.9,EVENT_OCCURS_AT
E000670,T000744,发生于,0.9,EVENT_OCCURS_AT
E000671,T000745,发生于,0.9,EVENT_OCCURS_AT
E000672,T000746,发生于,0.9,EVENT_OCCURS_AT
E000673,T000747,发生于,0.9,EVENT_OCCURS_AT
E000674,T000748,发生于,0.9,EVENT_OCCURS_AT
E000675,T000749,发生于,0.9,EVENT_OCCURS_AT
E000676,T000750,发生于,0.9,EVENT_OCCURS_AT
E000677,T000750,发生于,0.9,EVENT_OCCURS_AT
E000678,T000751,发生于,0.9,EVENT_OCCURS_AT
E000679,T000752,发生于,0.9,EVENT_OCCURS_AT
E000680,T000753,发生于,0.9,EVENT_OCCURS_AT
E000681,T000754,发生于,0.9,EVENT_OCCURS_AT
E000682,T000755,发生于,0.9,EVENT_OCCURS_AT
E000683,T000756,发生于,0.9,EVENT_OCCURS_AT
E000684,T000756,发生于,0.9,EVENT_OCCURS_AT
E000685,T000757,发生于,0.9,EVENT_OCCURS_AT
E000686,T000758,发生于,0.9,EVENT_OCCURS_AT
E000687,T000759,发生于,0.9,EVENT_OCCURS_AT
E000688,T000760,发生于,0.9,EVENT_OCCURS_AT
E000689,T000761,发生于,0.9,EVENT_OCCURS_AT
E000690,T000762,发生于,0.9,EVENT_OCCURS_AT
E000691,T000763,发生于,0.9,EVENT_OCCURS_AT
E000692,T000764,发生于,0.9,EVENT_OCCURS_AT
E000693,T000765,发生于,0.9,EVENT_OCCURS_AT
E000694,T000766,发生于,0.9,EVENT_OCCURS_AT
E000695,T000767,发生于,0.9,EVENT_OCCURS_AT
E000696,T000767,发生于,0.9,EVENT_OCCURS_AT
E000697,T000768,发生于,0.9,EVENT_OCCURS_AT
E000698,T000769,发生于,0.9,EVENT_OCCURS_AT
E000702,T000770,发生于,0.9,EVENT_OCCURS_AT
E000704,T000771,发生于,0.9,EVENT_OCCURS_AT
E000705,T000773,发生于,0.9,EVENT_OCCURS_AT
E000706,T000774,发生于,0.9,EVENT_OCCURS_AT
E000707,T000774,发生于,0.9,EVENT_OCCURS_AT
E000708,T000775,发生于,0.9,EVENT_OCCURS_AT
E000709,T000777,发生于,0.9,EVENT_OCCURS_AT
E000710,T000778,发生于,0.9,EVENT_OCCURS_AT
E000711,T000812,发生于,0.9,EVENT_OCCURS_AT
E000712,T000822,发生于,0.9,EVENT_OCCURS_AT
E000713,T000805,发生于,0.9,EVENT_OCCURS_AT
E000714,T000808,发生于,0.9,EVENT_OCCURS_AT
E000715,T000824,发生于,0.9,EVENT_OCCURS_AT
E000716,T000825,发生于,0.9,EVENT_OCCURS_AT
E000717,T000826,发生于,0.9,EVENT_OCCURS_AT
E000718,T000827,发生于,0.9,EVENT_OCCURS_AT
E000719,T000828,发生于,0.9,EVENT_OCCURS_AT
E000720,T000828,发生于,0.9,EVENT_OCCURS_AT
E000721,T000829,发生于,0.9,EVENT_OCCURS_AT
E000722,T000830,发生于,0.9,EVENT_OCCURS_AT
E000723,T000831,发生于,0.9,EVENT_OCCURS_AT
E000724,T000832,发生于,0.9,EVENT_OCCURS_AT
E000725,T000833,发生于,0.9,EVENT_OCCURS_AT
E000726,T000834,发生于,0.9,EVENT_OCCURS_AT
E000727,T000835,发生于,0.9,EVENT_OCCURS_AT
E000728,T000836,发生于,0.9,EVENT_OCCURS_AT
E000729,T000837,发生于,0.9,EVENT_OCCURS_AT
E000730,T000838,发生于,0.9,EVENT_OCCURS_AT
E000731,T000839,发生于,0.9,EVENT_OCCURS_AT
E000732,T000840,发生于,0.9,EVENT_OCCURS_AT
E000733,T000841,发生于,0.9,EVENT_OCCURS_AT
E000734,T000842,发生于,0.9,EVENT_OCCURS_AT
E000735,T000843,发生于,0.9,EVENT_OCCURS_AT
E000736,T000844,发生于,0.9,EVENT_OCCURS_AT
E000737,T000845,发生于,0.9,EVENT_OCCURS_AT
E000738,T000846,发生于,0.9,EVENT_OCCURS_AT
E000739,T000847,发生于,0.9,EVENT_OCCURS_AT
E000740,T000849,发生于,0.9,EVENT_OCCURS_AT
E000741,T000850,发生于,0.9,EVENT_OCCURS_AT
E000742,T000851,发生于,0.9,EVENT_OCCURS_AT
E000743,T000852,发生于,0.9,EVENT_OCCURS_AT
E000744,T000853,发生于,0.9,EVENT_OCCURS_AT
E000746,T000854,发生于,0.9,EVENT_OCCURS_AT
E000747,T000855,发生于,0.9,EVENT_OCCURS_AT
E000748,T000848,发生于,0.9,EVENT_OCCURS_AT
E000749,T000857,发生于,0.9,EVENT_OCCURS_AT
E000750,T000858,发生于,0.9,EVENT_OCCURS_AT
E000751,T000859,发生于,0.9,EVENT_OCCURS_AT
E000752,T000860,发生于,0.9,EVENT_OCCURS_AT
E000753,T000861,发生于,0.9,EVENT_OCCURS_AT
E000754,T000862,发生于,0.9,EVENT_OCCURS_AT
E000755,T000863,发生于,0.9,EVENT_OCCURS_AT
E000756,T000864,发生于,0.9,EVENT_OCCURS_AT
E000757,T000865,发生于,0.9,EVENT_OCCURS_AT
E000758,T000866,发生于,0.9,EVENT_OCCURS_AT
E000759,T000867,发生于,0.9,EVENT_OCCURS_AT
E000760,T000868,发生于,0.9,EVENT_OCCURS_AT
E000761,T000869,发生于,0.9,EVENT_OCCURS_AT
E000762,T000870,发生于,0.9,EVENT_OCCURS_AT
E000763,T000871,发生于,0.9,EVENT_OCCURS_AT
E000764,T000872,发生于,0.9,EVENT_OCCURS_AT
E000765,T000873,发生于,0.9,EVENT_OCCURS_AT
E000766,T000874,发生于,0.9,EVENT_OCCURS_AT
E000767,T000875,发生于,0.9,EVENT_OCCURS_AT
E000768,T000876,发生于,0.9,EVENT_OCCURS_AT
E000769,T000877,发生于,0.9,EVENT_OCCURS_AT
E000770,T000878,发生于,0.9,EVENT_OCCURS_AT
E000771,T000879,发生于,0.9,EVENT_OCCURS_AT
E000772,T000880,发生于,0.9,EVENT_OCCURS_AT
E000773,T000881,发生于,0.9,EVENT_OCCURS_AT
E000774,T000882,发生于,0.9,EVENT_OCCURS_AT
E000775,T000883,发生于,0.9,EVENT_OCCURS_AT
E000776,T000884,发生于,0.9,EVENT_OCCURS_AT
E000777,T000885,发生于,0.9,EVENT_OCCURS_AT
E000778,T000886,发生于,0.9,EVENT_OCCURS_AT
E000779,T000887,发生于,0.9,EVENT_OCCURS_AT
E000780,T000888,发生于,0.9,EVENT_OCCURS_AT
E000781,T000889,发生于,0.9,EVENT_OCCURS_AT
E000782,T000890,发生于,0.9,EVENT_OCCURS_AT
E000783,T000047,发生于,0.9,EVENT_OCCURS_AT
E000784,T000891,发生于,0.9,EVENT_OCCURS_AT
E000785,T000892,发生于,0.9,EVENT_OCCURS_AT
E000787,T000893,发生于,0.9,EVENT_OCCURS_AT
E000788,T000894,发生于,0.9,EVENT_OCCURS_AT
E000789,T000894,发生于,0.85,EVENT_OCCURS_AT
E000790,T000897,发生于,0.99,EVENT_OCCURS_AT
E000791,T000899,发生于,0.99,EVENT_OCCURS_AT
E000792,T000900,发生于,0.99,EVENT_OCCURS_AT
E000793,T000901,发生于,0.99,EVENT_OCCURS_AT
E000794,T000905,发生于,0.99,EVENT_OCCURS_AT
E000800,T001871,发生于,0.9,EVENT_OCCURS_AT
E000802,T000910,发生于,0.9,EVENT_OCCURS_AT
E000804,T000912,发生于,0.9,EVENT_OCCURS_AT
E000807,T000915,发生于,0.9,EVENT_OCCURS_AT
E000810,T000925,发生于,0.95,EVENT_OCCURS_AT
E000816,T000927,发生于,0.95,EVENT_OCCURS_AT
E000819,T000934,发生于,0.95,EVENT_OCCURS_AT
E000821,T000939,发生于,0.9,EVENT_OCCURS_AT
E000822,T000171,发生于,0.9,EVENT_OCCURS_AT
E000824,T000161,发生于,0.9,EVENT_OCCURS_AT
E000825,T000940,发生于,0.9,EVENT_OCCURS_AT
E000826,T000941,发生于,0.9,EVENT_OCCURS_AT
E000827,T000943,发生于,0.9,EVENT_OCCURS_AT
E000829,T000944,发生于,0.9,EVENT_OCCURS_AT
E000830,T000946,发生于,0.9,EVENT_OCCURS_AT
E000833,T000949,发生于,0.9,EVENT_OCCURS_AT
E000834,T000950,发生于,0.9,EVENT_OCCURS_AT
E000835,T000953,发生于,0.9,EVENT_OCCURS_AT
E000836,T000099,发生于,0.9,EVENT_OCCURS_AT
E000837,T000957,发生于,0.9,EVENT_OCCURS_AT
E000838,T000958,发生于,0.9,EVENT_OCCURS_AT
E000839,T000961,发生于,0.9,EVENT_OCCURS_AT
E000840,T000962,发生于,0.9,EVENT_OCCURS_AT
E000841,T000964,发生于,0.9,EVENT_OCCURS_AT
E000843,T000099,发生于,0.9,EVENT_OCCURS_AT
E000847,T000970,发生于,0.9,EVENT_OCCURS_AT
E000848,T000970,发生于,0.9,EVENT_OCCURS_AT
E000849,T000972,发生于,0.9,EVENT_OCCURS_AT
E000850,T000974,发生于,0.9,EVENT_OCCURS_AT
E000852,T000975,发生于,0.9,EVENT_OCCURS_AT
E000859,T000118,发生于,0.9,EVENT_OCCURS_AT
E000861,T000985,发生于,0.9,EVENT_OCCURS_AT
E000863,T000991,发生于,0.9,EVENT_OCCURS_AT
E000865,T000990,发生于,0.9,EVENT_OCCURS_AT
E000866,T000990,发生于,0.9,EVENT_OCCURS_AT
E000871,T001002,发生于,0.95,EVENT_OCCURS_AT
E000872,T001003,发生于,0.95,EVENT_OCCURS_AT
E000875,T001006,发生于,0.95,EVENT_OCCURS_AT
E000877,T001006,发生于,0.95,EVENT_OCCURS_AT
E000878,T001009,发生于,0.95,EVENT_OCCURS_AT
E000880,T001010,发生于,0.95,EVENT_OCCURS_AT
E000883,T000167,发生于,0.9,EVENT_OCCURS_AT
E000884,T000166,发生于,0.9,EVENT_OCCURS_AT
E000887,T000168,发生于,0.9,EVENT_OCCURS_AT
E000888,T000168,发生于,0.9,EVENT_OCCURS_AT
E000889,T000168,发生于,0.9,EVENT_OCCURS_AT
E000890,T000169,发生于,0.9,EVENT_OCCURS_AT
E000892,T001022,发生于,0.95,EVENT_OCCURS_AT
E000893,T001023,发生于,0.9,EVENT_OCCURS_AT
E000896,T001025,发生于,0.95,EVENT_OCCURS_AT
E000897,T001027,发生于,0.95,EVENT_OCCURS_AT
E000898,T001029,发生于,0.95,EVENT_OCCURS_AT
E000899,T001030,发生于,0.94,EVENT_OCCURS_AT
E000900,T001031,发生于,0.94,EVENT_OCCURS_AT
E000901,T001033,发生于,0.95,EVENT_OCCURS_AT
E000902,T001034,发生于,0.94,EVENT_OCCURS_AT
E000903,T001035,发生于,0.95,EVENT_OCCURS_AT
E000904,T001036,发生于,0.9,EVENT_OCCURS_AT
E000905,T001037,发生于,0.9,EVENT_OCCURS_AT
E000906,T001037,发生于,0.9,EVENT_OCCURS_AT
E000907,T001040,发生于,0.9,EVENT_OCCURS_AT
E000908,T001041,发生于,0.9,EVENT_OCCURS_AT
E000912,T001043,发生于,0.9,EVENT_OCCURS_AT
E000914,T001047,发生于,0.9,EVENT_OCCURS_AT
E000915,T001048,发生于,0.9,EVENT_OCCURS_AT
E000916,T001049,发生于,0.9,EVENT_OCCURS_AT
E000917,T001052,发生于,0.9,EVENT_OCCURS_AT
E000918,T001063,发生于,0.9,EVENT_OCCURS_AT
E000919,T001072,发生于,0.9,EVENT_OCCURS_AT
E000920,T001089,发生于,0.9,EVENT_OCCURS_AT
E000921,T001090,发生于,0.9,EVENT_OCCURS_AT
E000922,T001069,发生于,0.9,EVENT_OCCURS_AT
E000923,T001079,发生于,0.9,EVENT_OCCURS_AT
E000926,T001092,发生于,0.9,EVENT_OCCURS_AT
E000929,T001101,发生于,0.9,EVENT_OCCURS_AT
E000930,T001102,发生于,0.9,EVENT_OCCURS_AT
E000931,T001105,发生于,0.9,EVENT_OCCURS_AT
E000932,T001110,发生于,0.9,EVENT_OCCURS_AT
E000933,T001113,发生于,0.9,EVENT_OCCURS_AT
E000934,T001113,发生于,0.9,EVENT_OCCURS_AT
E000935,T001114,发生于,0.9,EVENT_OCCURS_AT
E000936,T001115,发生于,0.9,EVENT_OCCURS_AT
E000937,T001116,发生于,0.9,EVENT_OCCURS_AT
E000938,T001117,发生于,0.9,EVENT_OCCURS_AT
E000939,T001118,发生于,0.9,EVENT_OCCURS_AT
E000940,T001120,发生于,0.95,EVENT_OCCURS_AT
E000941,T001121,发生于,0.95,EVENT_OCCURS_AT
E000942,T001122,发生于,0.95,EVENT_OCCURS_AT
E000943,T001123,发生于,0.95,EVENT_OCCURS_AT
E000944,T001125,发生于,0.95,EVENT_OCCURS_AT
E000945,T001126,发生于,0.95,EVENT_OCCURS_AT
E000946,T001127,发生于,0.95,EVENT_OCCURS_AT
E000947,T001128,发生于,0.95,EVENT_OCCURS_AT
E000948,T001128,发生于,0.95,EVENT_OCCURS_AT
E000949,T001129,发生于,0.95,EVENT_OCCURS_AT
E000950,T001130,发生于,0.95,EVENT_OCCURS_AT
E000951,T001131,发生于,0.95,EVENT_OCCURS_AT
E000952,T001132,发生于,0.95,EVENT_OCCURS_AT
E000953,T001133,发生于,0.9,EVENT_OCCURS_AT
E000954,T001134,发生于,0.9,EVENT_OCCURS_AT
E000955,T001135,发生于,0.9,EVENT_OCCURS_AT
E000956,T001136,发生于,0.9,EVENT_OCCURS_AT
E000957,T001137,发生于,0.9,EVENT_OCCURS_AT
E000958,T001137,发生于,0.9,EVENT_OCCURS_AT
E000959,T001138,发生于,0.9,EVENT_OCCURS_AT
E000960,T001139,发生于,0.9,EVENT_OCCURS_AT
E000964,T001140,发生于,0.9,EVENT_OCCURS_AT
E000965,T001140,发生于,0.9,EVENT_OCCURS_AT
E000966,T001141,发生于,0.9,EVENT_OCCURS_AT
E000967,T001140,发生于,0.9,EVENT_OCCURS_AT
E000968,T001142,发生于,0.9,EVENT_OCCURS_AT
E000969,T001143,发生于,0.9,EVENT_OCCURS_AT
E000970,T001144,发生于,0.9,EVENT_OCCURS_AT
E000971,T001145,发生于,0.9,EVENT_OCCURS_AT
E000972,T001145,发生于,0.9,EVENT_OCCURS_AT
E000974,T001146,发生于,0.9,EVENT_OCCURS_AT
E000975,T001147,发生于,0.9,EVENT_OCCURS_AT
E000976,T001148,发生于,0.9,EVENT_OCCURS_AT
E000977,T001149,发生于,0.9,EVENT_OCCURS_AT
E000978,T001150,发生于,0.9,EVENT_OCCURS_AT
E000979,T001151,发生于,0.9,EVENT_OCCURS_AT
E000980,T001152,发生于,0.9,EVENT_OCCURS_AT
E000981,T001153,发生于,0.9,EVENT_OCCURS_AT
E000982,T001154,发生于,0.9,EVENT_OCCURS_AT
E000983,T001155,发生于,0.9,EVENT_OCCURS_AT
E000984,T001156,发生于,0.9,EVENT_OCCURS_AT
E000985,T001157,发生于,0.9,EVENT_OCCURS_AT
E000986,T001158,发生于,0.9,EVENT_OCCURS_AT
E000987,T001159,发生于,0.9,EVENT_OCCURS_AT
E000988,T001160,发生于,0.9,EVENT_OCCURS_AT
E000989,T001161,发生于,0.9,EVENT_OCCURS_AT
E000990,T001162,发生于,0.9,EVENT_OCCURS_AT
E000991,T001163,发生于,0.9,EVENT_OCCURS_AT
E000993,T001164,发生于,0.9,EVENT_OCCURS_AT
E000995,T001165,发生于,0.9,EVENT_OCCURS_AT
E000996,T001166,发生于,0.9,EVENT_OCCURS_AT
E000997,T001167,发生于,0.9,EVENT_OCCURS_AT
E000998,T001168,发生于,0.9,EVENT_OCCURS_AT
E000999,T001169,发生于,0.9,EVENT_OCCURS_AT
E001000,T001170,发生于,0.9,EVENT_OCCURS_AT
E001001,T001171,发生于,0.9,EVENT_OCCURS_AT
E001002,T001172,发生于,0.9,EVENT_OCCURS_AT
E001003,T001173,发生于,0.9,EVENT_OCCURS_AT
E001004,T001173,发生于,0.9,EVENT_OCCURS_AT
E001005,T001173,发生于,0.9,EVENT_OCCURS_AT
E001006,T001173,发生于,0.9,EVENT_OCCURS_AT
E001007,T001174,发生于,0.9,EVENT_OCCURS_AT
E001008,T001175,发生于,0.9,EVENT_OCCURS_AT
E001009,T001176,发生于,0.9,EVENT_OCCURS_AT
E001010,T001177,发生于,0.9,EVENT_OCCURS_AT
E001011,T001178,发生于,0.9,EVENT_OCCURS_AT
E001012,T001179,发生于,0.9,EVENT_OCCURS_AT
E001013,T001179,发生于,0.9,EVENT_OCCURS_AT
E001014,T001180,发生于,0.9,EVENT_OCCURS_AT
E001015,T001181,发生于,0.9,EVENT_OCCURS_AT
E001016,T001182,发生于,0.9,EVENT_OCCURS_AT
E001017,T001183,发生于,0.9,EVENT_OCCURS_AT
E001018,T001184,发生于,0.9,EVENT_OCCURS_AT
E001019,T001186,发生于,0.95,EVENT_OCCURS_AT
E001020,T001187,发生于,0.95,EVENT_OCCURS_AT
E001021,T001188,发生于,0.95,EVENT_OCCURS_AT
E001022,T001189,发生于,0.95,EVENT_OCCURS_AT
E001023,T001190,发生于,0.95,EVENT_OCCURS_AT
E001024,T001190,发生于,0.95,EVENT_OCCURS_AT
E001025,T001191,发生于,0.95,EVENT_OCCURS_AT
E001026,T001192,发生于,0.95,EVENT_OCCURS_AT
E001027,T001193,发生于,0.95,EVENT_OCCURS_AT
E001028,T001194,发生于,0.95,EVENT_OCCURS_AT
E001029,T001195,发生于,0.95,EVENT_OCCURS_AT
E001030,T001196,发生于,0.95,EVENT_OCCURS_AT
E001031,T001197,发生于,0.95,EVENT_OCCURS_AT
E001032,T001198,发生于,0.95,EVENT_OCCURS_AT
E001033,T001199,发生于,0.95,EVENT_OCCURS_AT
E001034,T001200,发生于,0.9,EVENT_OCCURS_AT
E001035,T001201,发生于,0.95,EVENT_OCCURS_AT
E001036,T001202,发生于,0.95,EVENT_OCCURS_AT
E001037,T001204,发生于,0.9,EVENT_OCCURS_AT
E001038,T001205,发生于,0.9,EVENT_OCCURS_AT
E001039,T001206,发生于,0.9,EVENT_OCCURS_AT
E001040,T001207,发生于,0.9,EVENT_OCCURS_AT
E001041,T001208,发生于,0.9,EVENT_OCCURS_AT
E001042,T001209,发生于,0.9,EVENT_OCCURS_AT
E001043,T001210,发生于,0.9,EVENT_OCCURS_AT
E001044,T001211,发生于,0.9,EVENT_OCCURS_AT
E001045,T001212,发生于,0.9,EVENT_OCCURS_AT
E001046,T001213,发生于,0.9,EVENT_OCCURS_AT
E001047,T001214,发生于,0.9,EVENT_OCCURS_AT
E001048,T001215,发生于,0.9,EVENT_OCCURS_AT
E001049,T001216,发生于,0.9,EVENT_OCCURS_AT
E001050,T001217,发生于,0.9,EVENT_OCCURS_AT
E001051,T001218,发生于,0.9,EVENT_OCCURS_AT
E001052,T001219,发生于,0.9,EVENT_OCCURS_AT
E001053,T001220,发生于,0.9,EVENT_OCCURS_AT
E001054,T001221,发生于,0.9,EVENT_OCCURS_AT
E001055,T001222,发生于,0.9,EVENT_OCCURS_AT
E001056,T001223,发生于,0.9,EVENT_OCCURS_AT
E001057,T001224,发生于,0.9,EVENT_OCCURS_AT
E001058,T001225,发生于,0.9,EVENT_OCCURS_AT
E001059,T001225,发生于,0.9,EVENT_OCCURS_AT
E001060,T001225,发生于,0.9,EVENT_OCCURS_AT
E001061,T001225,发生于,0.9,EVENT_OCCURS_AT
E001062,T001226,发生于,0.9,EVENT_OCCURS_AT
E001063,T001227,发生于,0.9,EVENT_OCCURS_AT
E001064,T001228,发生于,0.9,EVENT_OCCURS_AT
E001065,T001228,发生于,0.9,EVENT_OCCURS_AT
E001066,T001228,发生于,0.9,EVENT_OCCURS_AT
E001067,T001229,发生于,0.9,EVENT_OCCURS_AT
E001068,T001230,发生于,0.9,EVENT_OCCURS_AT
E001069,T001231,发生于,0.9,EVENT_OCCURS_AT
E001070,T001232,发生于,0.9,EVENT_OCCURS_AT
E001071,T001233,发生于,0.9,EVENT_OCCURS_AT
E001072,T001234,发生于,0.9,EVENT_OCCURS_AT
E001073,T001235,发生于,0.9,EVENT_OCCURS_AT
E001074,T001232,发生于,0.9,EVENT_OCCURS_AT
E001075,T001237,发生于,0.9,EVENT_OCCURS_AT
E001076,T001238,发生于,0.9,EVENT_OCCURS_AT
E001077,T001239,发生于,0.9,EVENT_OCCURS_AT
E001078,T001240,发生于,0.9,EVENT_OCCURS_AT
E001079,T001241,发生于,0.9,EVENT_OCCURS_AT
E001080,T001242,发生于,0.9,EVENT_OCCURS_AT
E001081,T001242,发生于,0.9,EVENT_OCCURS_AT
E001082,T001243,发生于,0.9,EVENT_OCCURS_AT
E001083,T001244,发生于,0.9,EVENT_OCCURS_AT
E001086,T001245,发生于,0.9,EVENT_OCCURS_AT
E001087,T001246,发生于,0.9,EVENT_OCCURS_AT
E001088,T001247,发生于,0.9,EVENT_OCCURS_AT
E001089,T001248,发生于,0.9,EVENT_OCCURS_AT
E001090,T001249,发生于,0.9,EVENT_OCCURS_AT
E001091,T001250,发生于,0.9,EVENT_OCCURS_AT
E001093,T001251,发生于,0.9,EVENT_OCCURS_AT
E001094,T001252,发生于,0.9,EVENT_OCCURS_AT
E001095,T001253,发生于,0.9,EVENT_OCCURS_AT
E001096,T001254,发生于,0.9,EVENT_OCCURS_AT
E001097,T001255,发生于,0.9,EVENT_OCCURS_AT
E001098,T001256,发生于,0.9,EVENT_OCCURS_AT
E001099,T001257,发生于,0.9,EVENT_OCCURS_AT
E001100,T001258,发生于,0.9,EVENT_OCCURS_AT
E001101,T001259,发生于,0.9,EVENT_OCCURS_AT
E001102,T001260,发生于,0.9,EVENT_OCCURS_AT
E001103,T001261,发生于,0.9,EVENT_OCCURS_AT
E001104,T001262,发生于,0.9,EVENT_OCCURS_AT
E001105,T001263,发生于,0.9,EVENT_OCCURS_AT
E001106,T001264,发生于,0.9,EVENT_OCCURS_AT
E001107,T001265,发生于,0.9,EVENT_OCCURS_AT
E001108,T001267,发生于,0.9,EVENT_OCCURS_AT
E001109,T001268,发生于,0.9,EVENT_OCCURS_AT
E001110,T001269,发生于,0.9,EVENT_OCCURS_AT
E001111,T001270,发生于,0.9,EVENT_OCCURS_AT
E001112,T001271,发生于,0.9,EVENT_OCCURS_AT
E001113,T001272,发生于,0.9,EVENT_OCCURS_AT
E001114,T001273,发生于,0.9,EVENT_OCCURS_AT
E001115,T001274,发生于,0.9,EVENT_OCCURS_AT
E001116,T001275,发生于,0.9,EVENT_OCCURS_AT
E001117,T001276,发生于,0.9,EVENT_OCCURS_AT
E001118,T001277,发生于,0.9,EVENT_OCCURS_AT
E001119,T001278,发生于,0.9,EVENT_OCCURS_AT
E001120,T001279,发生于,0.9,EVENT_OCCURS_AT
E001121,T001280,发生于,0.9,EVENT_OCCURS_AT
E001122,T001281,发生于,0.9,EVENT_OCCURS_AT
E001123,T001282,发生于,0.9,EVENT_OCCURS_AT
E001124,T001283,发生于,0.9,EVENT_OCCURS_AT
E001125,T001284,发生于,0.9,EVENT_OCCURS_AT
E001126,T001285,发生于,0.9,EVENT_OCCURS_AT
E001127,T001286,发生于,0.9,EVENT_OCCURS_AT
E001128,T001287,发生于,0.9,EVENT_OCCURS_AT
E001129,T001288,发生于,0.9,EVENT_OCCURS_AT
E001130,T001289,发生于,0.9,EVENT_OCCURS_AT
E001131,T001290,发生于,0.9,EVENT_OCCURS_AT
E001132,T001291,发生于,0.9,EVENT_OCCURS_AT
E001133,T001292,发生于,0.9,EVENT_OCCURS_AT
E001134,T001293,发生于,0.9,EVENT_OCCURS_AT
E001135,T001294,发生于,0.9,EVENT_OCCURS_AT
E001136,T001294,发生于,0.9,EVENT_OCCURS_AT
E001137,T001306,发生于,0.9,EVENT_OCCURS_AT
E001138,T001295,发生于,0.9,EVENT_OCCURS_AT
E001141,T001296,发生于,0.9,EVENT_OCCURS_AT
E001142,T001298,发生于,0.9,EVENT_OCCURS_AT
E001143,T001299,发生于,0.9,EVENT_OCCURS_AT
E001145,T001300,发生于,0.9,EVENT_OCCURS_AT
E001146,T001301,发生于,0.9,EVENT_OCCURS_AT
E001148,T001304,发生于,0.9,EVENT_OCCURS_AT
E001149,T001305,发生于,0.9,EVENT_OCCURS_AT
E001150,T001307,发生于,0.9,EVENT_OCCURS_AT
E001151,T001308,发生于,0.9,EVENT_OCCURS_AT
E001152,T001309,发生于,0.9,EVENT_OCCURS_AT
E001153,T001310,发生于,0.9,EVENT_OCCURS_AT
E001154,T001311,发生于,0.9,EVENT_OCCURS_AT
E001155,T001312,发生于,0.9,EVENT_OCCURS_AT
E001156,T001312,发生于,0.9,EVENT_OCCURS_AT
E001157,T001313,发生于,0.9,EVENT_OCCURS_AT
E001158,T001314,发生于,0.9,EVENT_OCCURS_AT
E001159,T001315,发生于,0.9,EVENT_OCCURS_AT
E001161,T001317,发生于,0.9,EVENT_OCCURS_AT
E001162,T001318,发生于,0.9,EVENT_OCCURS_AT
E001163,T001319,发生于,0.9,EVENT_OCCURS_AT
E001164,T001320,发生于,0.9,EVENT_OCCURS_AT
E001165,T001320,发生于,0.9,EVENT_OCCURS_AT
E001166,T001320,发生于,0.9,EVENT_OCCURS_AT
E001167,T001321,发生于,0.9,EVENT_OCCURS_AT
E001168,T001322,发生于,0.9,EVENT_OCCURS_AT
E001169,T001323,发生于,0.9,EVENT_OCCURS_AT
E001170,T001324,发生于,0.9,EVENT_OCCURS_AT
E001171,T001325,发生于,0.9,EVENT_OCCURS_AT
E001172,T001326,发生于,0.9,EVENT_OCCURS_AT
E001173,T001327,发生于,0.9,EVENT_OCCURS_AT
E001174,T001329,发生于,0.9,EVENT_OCCURS_AT
E001175,T001330,发生于,0.9,EVENT_OCCURS_AT
E001176,T001331,发生于,0.9,EVENT_OCCURS_AT
E001177,T001332,发生于,0.9,EVENT_OCCURS_AT
E001178,T001334,发生于,0.9,EVENT_OCCURS_AT
E001179,T001337,发生于,0.9,EVENT_OCCURS_AT
E001180,T001339,发生于,0.9,EVENT_OCCURS_AT
E001181,T001342,发生于,0.9,EVENT_OCCURS_AT
E001182,T001342,发生于,0.9,EVENT_OCCURS_AT
E001183,T001346,发生于,0.9,EVENT_OCCURS_AT
E001184,T001347,发生于,0.9,EVENT_OCCURS_AT
E001185,T001348,发生于,0.9,EVENT_OCCURS_AT
E001186,T001349,发生于,0.9,EVENT_OCCURS_AT
E001187,T001351,发生于,0.9,EVENT_OCCURS_AT
E001189,T001352,发生于,0.95,EVENT_OCCURS_AT
E001190,T001353,发生于,0.95,EVENT_OCCURS_AT
E001191,T001354,发生于,0.95,EVENT_OCCURS_AT
E001192,T001355,发生于,0.95,EVENT_OCCURS_AT
E001193,T001352,发生于,0.9,EVENT_OCCURS_AT
E001194,T001356,发生于,0.95,EVENT_OCCURS_AT
E001195,T001357,发生于,0.95,EVENT_OCCURS_AT
E001196,T001358,发生于,0.95,EVENT_OCCURS_AT
E001197,T001359,发生于,0.95,EVENT_OCCURS_AT
E001198,T001360,发生于,0.95,EVENT_OCCURS_AT
E001199,T001361,发生于,0.95,EVENT_OCCURS_AT
E001200,T001362,发生于,0.95,EVENT_OCCURS_AT
E001201,T001363,发生于,0.95,EVENT_OCCURS_AT
E001202,T001364,发生于,0.95,EVENT_OCCURS_AT
E001204,T001367,发生于,0.95,EVENT_OCCURS_AT
E001205,T001368,发生于,0.95,EVENT_OCCURS_AT
E001207,T001370,发生于,0.95,EVENT_OCCURS_AT
E001208,T001371,发生于,0.95,EVENT_OCCURS_AT
E001209,T001372,发生于,0.95,EVENT_OCCURS_AT
E001210,T001373,发生于,0.95,EVENT_OCCURS_AT
E001211,T001374,发生于,0.95,EVENT_OCCURS_AT
E001212,T001375,发生于,0.95,EVENT_OCCURS_AT
E001213,T001376,发生于,0.9,EVENT_OCCURS_AT
E001214,T001376,发生于,0.9,EVENT_OCCURS_AT
E001215,T001377,发生于,0.9,EVENT_OCCURS_AT
E001216,T001378,发生于,0.9,EVENT_OCCURS_AT
E001217,T001379,发生于,0.9,EVENT_OCCURS_AT
E001218,T001380,发生于,0.9,EVENT_OCCURS_AT
E001219,T001381,发生于,0.9,EVENT_OCCURS_AT
E001220,T001381,发生于,0.9,EVENT_OCCURS_AT
E001221,T001382,发生于,0.9,EVENT_OCCURS_AT
E001222,T000122,发生于,0.9,EVENT_OCCURS_AT
E001223,T001383,发生于,0.9,EVENT_OCCURS_AT
E001224,T001384,发生于,0.9,EVENT_OCCURS_AT
E001225,T001385,发生于,0.9,EVENT_OCCURS_AT
E001226,T001386,发生于,0.9,EVENT_OCCURS_AT
E001227,T001387,发生于,0.9,EVENT_OCCURS_AT
E001228,T001388,发生于,0.9,EVENT_OCCURS_AT
E001229,T001390,发生于,0.9,EVENT_OCCURS_AT
E001230,T001391,发生于,0.9,EVENT_OCCURS_AT
E001231,T001392,发生于,0.9,EVENT_OCCURS_AT
E001232,T001393,发生于,0.9,EVENT_OCCURS_AT
E001233,T001395,发生于,0.9,EVENT_OCCURS_AT
E001234,T001395,发生于,0.9,EVENT_OCCURS_AT
E001235,T001396,发生于,0.9,EVENT_OCCURS_AT
E001236,T001400,发生于,0.9,EVENT_OCCURS_AT
E001237,T001404,发生于,0.9,EVENT_OCCURS_AT
E001238,T001409,发生于,0.9,EVENT_OCCURS_AT
E001239,T000326,发生于,0.9,EVENT_OCCURS_AT
E001240,T001415,发生于,0.9,EVENT_OCCURS_AT
E001241,T001416,发生于,0.9,EVENT_OCCURS_AT
E001247,T001420,发生于,0.9,EVENT_OCCURS_AT
E001252,T000322,发生于,0.9,EVENT_OCCURS_AT
E001254,T001422,发生于,0.9,EVENT_OCCURS_AT
E001255,T001418,发生于,0.9,EVENT_OCCURS_AT
E001256,T001419,发生于,0.9,EVENT_OCCURS_AT
E001257,T000319,发生于,0.9,EVENT_OCCURS_AT
E001258,T000319,发生于,0.9,EVENT_OCCURS_AT
E001259,T000319,发生于,0.9,EVENT_OCCURS_AT
E001260,T000319,发生于,0.9,EVENT_OCCURS_AT
E001261,T000328,发生于,0.9,EVENT_OCCURS_AT
E001262,T000329,发生于,0.9,EVENT_OCCURS_AT
E001263,T001423,发生于,0.9,EVENT_OCCURS_AT
E001264,T001424,发生于,0.9,EVENT_OCCURS_AT
E001265,T001425,发生于,0.9,EVENT_OCCURS_AT
E001266,T001424,发生于,0.9,EVENT_OCCURS_AT
E001268,T001426,发生于,0.9,EVENT_OCCURS_AT
E001269,T001427,发生于,0.9,EVENT_OCCURS_AT
E001270,T001428,发生于,0.9,EVENT_OCCURS_AT
E001271,T001428,发生于,0.9,EVENT_OCCURS_AT
E001272,T001429,发生于,0.9,EVENT_OCCURS_AT
E001273,T001431,发生于,0.9,EVENT_OCCURS_AT
E001274,T001431,发生于,0.9,EVENT_OCCURS_AT
E001275,T001432,发生于,0.9,EVENT_OCCURS_AT
E001278,T001433,发生于,0.9,EVENT_OCCURS_AT
E001279,T001433,发生于,0.9,EVENT_OCCURS_AT
E001280,T001433,发生于,0.9,EVENT_OCCURS_AT
E001282,T001434,发生于,0.9,EVENT_OCCURS_AT
E001283,T001434,发生于,0.9,EVENT_OCCURS_AT
E001284,T001435,发生于,0.9,EVENT_OCCURS_AT
E001285,T001435,发生于,0.9,EVENT_OCCURS_AT
E001286,T001435,发生于,0.9,EVENT_OCCURS_AT
E001287,T000374,发生于,0.9,EVENT_OCCURS_AT
E001288,T000374,发生于,0.9,EVENT_OCCURS_AT
E001289,T001436,发生于,0.9,EVENT_OCCURS_AT
E001290,T001437,发生于,0.9,EVENT_OCCURS_AT
E001291,T001437,发生于,0.9,EVENT_OCCURS_AT
E001292,T001437,发生于,0.9,EVENT_OCCURS_AT
E001293,T001437,发生于,0.9,EVENT_OCCURS_AT
E001294,T001438,发生于,0.9,EVENT_OCCURS_AT
E001295,T001435,发生于,0.9,EVENT_OCCURS_AT
E001296,T001440,发生于,0.9,EVENT_OCCURS_AT
E001297,T001440,发生于,0.9,EVENT_OCCURS_AT
E001298,T001441,发生于,0.9,EVENT_OCCURS_AT
E001299,T001442,发生于,0.9,EVENT_OCCURS_AT
E001300,T001443,发生于,0.9,EVENT_OCCURS_AT
E001301,T001444,发生于,0.9,EVENT_OCCURS_AT
E001302,T001445,发生于,0.9,EVENT_OCCURS_AT
E001303,T001446,发生于,0.9,EVENT_OCCURS_AT
E001304,T001447,发生于,0.9,EVENT_OCCURS_AT
E001305,T001448,发生于,0.9,EVENT_OCCURS_AT
E001306,T001450,发生于,0.9,EVENT_OCCURS_AT
E001307,T001451,发生于,0.9,EVENT_OCCURS_AT
E001308,T001452,发生于,0.9,EVENT_OCCURS_AT
E001309,T001453,发生于,0.9,EVENT_OCCURS_AT
E001310,T001454,发生于,0.9,EVENT_OCCURS_AT
E001311,T000427,发生于,0.9,EVENT_OCCURS_AT
E001312,T001455,发生于,0.9,EVENT_OCCURS_AT
E001313,T000436,发生于,0.9,EVENT_OCCURS_AT
E001314,T001456,发生于,0.9,EVENT_OCCURS_AT
E001315,T001456,发生于,0.9,EVENT_OCCURS_AT
E001316,T001456,发生于,0.9,EVENT_OCCURS_AT
E001317,T001456,发生于,0.9,EVENT_OCCURS_AT
E001318,T001457,发生于,0.9,EVENT_OCCURS_AT
E001319,T001457,发生于,0.9,EVENT_OCCURS_AT
E001320,T001458,发生于,0.9,EVENT_OCCURS_AT
E001321,T001459,发生于,0.9,EVENT_OCCURS_AT
E001322,T001460,发生于,0.9,EVENT_OCCURS_AT
E001323,T001461,发生于,0.9,EVENT_OCCURS_AT
E001324,T001461,发生于,0.9,EVENT_OCCURS_AT
E001325,T001462,发生于,0.9,EVENT_OCCURS_AT
E001326,T001463,发生于,0.9,EVENT_OCCURS_AT
E001327,T001464,发生于,0.9,EVENT_OCCURS_AT
E001328,T001465,发生于,0.9,EVENT_OCCURS_AT
E001329,T001465,发生于,0.9,EVENT_OCCURS_AT
E001330,T001466,发生于,0.9,EVENT_OCCURS_AT
E001331,T001466,发生于,0.9,EVENT_OCCURS_AT
E001332,T001466,发生于,0.9,EVENT_OCCURS_AT
E001333,T001468,发生于,0.9,EVENT_OCCURS_AT
E001334,T001468,发生于,0.9,EVENT_OCCURS_AT
E001335,T001469,发生于,0.9,EVENT_OCCURS_AT
E001336,T000492,发生于,0.9,EVENT_OCCURS_AT
E001337,T000493,发生于,0.9,EVENT_OCCURS_AT
E001340,T001471,发生于,0.95,EVENT_OCCURS_AT
E001341,T001472,发生于,0.95,EVENT_OCCURS_AT
E001342,T001473,发生于,0.95,EVENT_OCCURS_AT
E001343,T001474,发生于,0.95,EVENT_OCCURS_AT
E001344,T001474,发生于,0.95,EVENT_OCCURS_AT
E001345,T001475,发生于,0.95,EVENT_OCCURS_AT
E001346,T001475,发生于,0.95,EVENT_OCCURS_AT
E001347,T001475,发生于,0.95,EVENT_OCCURS_AT
E001348,T001476,发生于,0.95,EVENT_OCCURS_AT
E001349,T001476,发生于,0.95,EVENT_OCCURS_AT
E001350,T001477,发生于,0.95,EVENT_OCCURS_AT
E001351,T001477,发生于,0.95,EVENT_OCCURS_AT
E001352,T001478,发生于,0.9,EVENT_OCCURS_AT
E001353,T001478,发生于,0.9,EVENT_OCCURS_AT
E001354,T001479,发生于,0.9,EVENT_OCCURS_AT
E001355,T001480,发生于,0.9,EVENT_OCCURS_AT
E001356,T000527,发生于,0.9,EVENT_OCCURS_AT
E001357,T001481,发生于,0.9,EVENT_OCCURS_AT
E001358,T001482,发生于,0.9,EVENT_OCCURS_AT
E001359,T001483,发生于,0.9,EVENT_OCCURS_AT
E001360,T001485,发生于,0.9,EVENT_OCCURS_AT
E001361,T001486,发生于,0.9,EVENT_OCCURS_AT
E001362,T001487,发生于,0.9,EVENT_OCCURS_AT
E001363,T001488,发生于,0.9,EVENT_OCCURS_AT
E001364,T001489,发生于,0.9,EVENT_OCCURS_AT
E001365,T001490,发生于,0.9,EVENT_OCCURS_AT
E001366,T001491,发生于,0.9,EVENT_OCCURS_AT
E001367,T001492,发生于,0.9,EVENT_OCCURS_AT
E001368,T001492,发生于,0.9,EVENT_OCCURS_AT
E001369,T001492,发生于,0.9,EVENT_OCCURS_AT
E001370,T001493,发生于,0.9,EVENT_OCCURS_AT
E001371,T001494,发生于,0.9,EVENT_OCCURS_AT
E001372,T001495,发生于,0.9,EVENT_OCCURS_AT
E001373,T001495,发生于,0.9,EVENT_OCCURS_AT
E001374,T001495,发生于,0.9,EVENT_OCCURS_AT
E001375,T001496,发生于,0.9,EVENT_OCCURS_AT
E001376,T001497,发生于,0.9,EVENT_OCCURS_AT
E001377,T001498,发生于,0.9,EVENT_OCCURS_AT
E001378,T001499,发生于,0.9,EVENT_OCCURS_AT
E001379,T001500,发生于,0.9,EVENT_OCCURS_AT
E001380,T001501,发生于,0.9,EVENT_OCCURS_AT
E001381,T001502,发生于,0.9,EVENT_OCCURS_AT
E001382,T001503,发生于,0.9,EVENT_OCCURS_AT
E001383,T001505,发生于,0.9,EVENT_OCCURS_AT
E001384,T001506,发生于,0.9,EVENT_OCCURS_AT
E001385,T001507,发生于,0.9,EVENT_OCCURS_AT
E001386,T001511,发生于,0.9,EVENT_OCCURS_AT
E001387,T001512,发生于,0.9,EVENT_OCCURS_AT
E001388,T001513,发生于,0.9,EVENT_OCCURS_AT
E001389,T001514,发生于,0.9,EVENT_OCCURS_AT
E001390,T001515,发生于,0.9,EVENT_OCCURS_AT
E001391,T001516,发生于,0.9,EVENT_OCCURS_AT
E001392,T001516,发生于,0.9,EVENT_OCCURS_AT
E001393,T001516,发生于,0.9,EVENT_OCCURS_AT
E001394,T001518,发生于,0.9,EVENT_OCCURS_AT
E001395,T001519,发生于,0.9,EVENT_OCCURS_AT
E001396,T001520,发生于,0.9,EVENT_OCCURS_AT
E001397,T001520,发生于,0.9,EVENT_OCCURS_AT
E001398,T001521,发生于,0.9,EVENT_OCCURS_AT
E001399,T001522,发生于,0.9,EVENT_OCCURS_AT
E001400,T001523,发生于,0.9,EVENT_OCCURS_AT
E001401,T001524,发生于,0.9,EVENT_OCCURS_AT
E001402,T001524,发生于,0.9,EVENT_OCCURS_AT
E001403,T001526,发生于,0.9,EVENT_OCCURS_AT
E001404,T001527,发生于,0.9,EVENT_OCCURS_AT
E001405,T001528,发生于,0.9,EVENT_OCCURS_AT
E001406,T001529,发生于,0.9,EVENT_OCCURS_AT
E001407,T001530,发生于,0.9,EVENT_OCCURS_AT
E001408,T001531,发生于,0.9,EVENT_OCCURS_AT
E001409,T001532,发生于,0.9,EVENT_OCCURS_AT
E001410,T001533,发生于,0.9,EVENT_OCCURS_AT
E001411,T001532,发生于,0.9,EVENT_OCCURS_AT
E001412,T001534,发生于,0.9,EVENT_OCCURS_AT
E001413,T001535,发生于,0.9,EVENT_OCCURS_AT
E001414,T001536,发生于,0.9,EVENT_OCCURS_AT
E001415,T001537,发生于,0.9,EVENT_OCCURS_AT
E001416,T001538,发生于,0.9,EVENT_OCCURS_AT
E001417,T001539,发生于,0.9,EVENT_OCCURS_AT
E001418,T001539,发生于,0.9,EVENT_OCCURS_AT
E001419,T001541,发生于,0.9,EVENT_OCCURS_AT
E001420,T001541,发生于,0.9,EVENT_OCCURS_AT
E001421,T001541,发生于,0.9,EVENT_OCCURS_AT
E001422,T001542,发生于,0.9,EVENT_OCCURS_AT
E001423,T001543,发生于,0.9,EVENT_OCCURS_AT
E001424,T001544,发生于,0.9,EVENT_OCCURS_AT
E001425,T001545,发生于,0.9,EVENT_OCCURS_AT
E001426,T001546,发生于,0.9,EVENT_OCCURS_AT
E001427,T001547,发生于,0.9,EVENT_OCCURS_AT
E001428,T001548,发生于,0.9,EVENT_OCCURS_AT
E001429,T001550,发生于,0.9,EVENT_OCCURS_AT
E001430,T001551,发生于,0.9,EVENT_OCCURS_AT
E001434,T001552,发生于,0.9,EVENT_OCCURS_AT
E001435,T001553,发生于,0.9,EVENT_OCCURS_AT
E001436,T001554,发生于,0.9,EVENT_OCCURS_AT
E001437,T001555,发生于,0.9,EVENT_OCCURS_AT
E001438,T001556,发生于,0.9,EVENT_OCCURS_AT
E001439,T001556,发生于,0.9,EVENT_OCCURS_AT
E001440,T001556,发生于,0.9,EVENT_OCCURS_AT
E001442,T001557,发生于,0.9,EVENT_OCCURS_AT
E001443,T001558,发生于,0.9,EVENT_OCCURS_AT
E001444,T001558,发生于,0.9,EVENT_OCCURS_AT
E001445,T001558,发生于,0.9,EVENT_OCCURS_AT
E001446,T001559,发生于,0.9,EVENT_OCCURS_AT
E001447,T001560,发生于,0.9,EVENT_OCCURS_AT
E001448,T001561,发生于,0.9,EVENT_OCCURS_AT
E001449,T001563,发生于,0.9,EVENT_OCCURS_AT
E001450,T001564,发生于,0.9,EVENT_OCCURS_AT
E001451,T001565,发生于,0.9,EVENT_OCCURS_AT
E001452,T001566,发生于,0.9,EVENT_OCCURS_AT
E001453,T001567,发生于,0.9,EVENT_OCCURS_AT
E001454,T001567,发生于,0.9,EVENT_OCCURS_AT
E001455,T001567,发生于,0.9,EVENT_OCCURS_AT
E001456,T001568,发生于,0.9,EVENT_OCCURS_AT
E001457,T001569,发生于,0.9,EVENT_OCCURS_AT
E001458,T001571,发生于,0.9,EVENT_OCCURS_AT
E001459,T001572,发生于,0.9,EVENT_OCCURS_AT
E001460,T001573,发生于,0.9,EVENT_OCCURS_AT
E001461,T001573,发生于,0.9,EVENT_OCCURS_AT
E001462,T001573,发生于,0.9,EVENT_OCCURS_AT
E001463,T001575,发生于,0.9,EVENT_OCCURS_AT
E001464,T001576,发生于,0.9,EVENT_OCCURS_AT
E001465,T001577,发生于,0.9,EVENT_OCCURS_AT
E001466,T001578,发生于,0.9,EVENT_OCCURS_AT
E001467,T001579,发生于,0.9,EVENT_OCCURS_AT
E001468,T001581,发生于,0.9,EVENT_OCCURS_AT
E001469,T001582,发生于,0.9,EVENT_OCCURS_AT
E001470,T001582,发生于,0.9,EVENT_OCCURS_AT
E001471,T001582,发生于,0.9,EVENT_OCCURS_AT
E001472,T001583,发生于,0.9,EVENT_OCCURS_AT
E001473,T001584,发生于,0.9,EVENT_OCCURS_AT
E001474,T001585,发生于,0.9,EVENT_OCCURS_AT
E001475,T001586,发生于,0.9,EVENT_OCCURS_AT
E001476,T001585,发生于,0.9,EVENT_OCCURS_AT
E001477,T001585,发生于,0.9,EVENT_OCCURS_AT
E001478,T001587,发生于,0.9,EVENT_OCCURS_AT
E001479,T001588,发生于,0.9,EVENT_OCCURS_AT
E001480,T001589,发生于,0.9,EVENT_OCCURS_AT
E001481,T001589,发生于,0.9,EVENT_OCCURS_AT
E001482,T001589,发生于,0.9,EVENT_OCCURS_AT
E001483,T001590,发生于,0.9,EVENT_OCCURS_AT
E001484,T001590,发生于,0.9,EVENT_OCCURS_AT
E001485,T001591,发生于,0.9,EVENT_OCCURS_AT
E001486,T001592,发生于,0.9,EVENT_OCCURS_AT
E001487,T001593,发生于,0.9,EVENT_OCCURS_AT
E001488,T001593,发生于,0.9,EVENT_OCCURS_AT
E001489,T000749,发生于,0.9,EVENT_OCCURS_AT
E001490,T000750,发生于,0.9,EVENT_OCCURS_AT
E001492,T001594,发生于,0.9,EVENT_OCCURS_AT
E001493,T001594,发生于,0.9,EVENT_OCCURS_AT
E001494,T001595,发生于,0.9,EVENT_OCCURS_AT
E001495,T001596,发生于,0.9,EVENT_OCCURS_AT
E001496,T001597,发生于,0.9,EVENT_OCCURS_AT
E001497,T000773,发生于,0.9,EVENT_OCCURS_AT
E001498,T000773,发生于,0.9,EVENT_OCCURS_AT
E001499,T001598,发生于,0.9,EVENT_OCCURS_AT
E001500,T001599,发生于,0.9,EVENT_OCCURS_AT
E001501,T001600,发生于,0.9,EVENT_OCCURS_AT
E001502,T001601,发生于,0.9,EVENT_OCCURS_AT
E001503,T001601,发生于,0.9,EVENT_OCCURS_AT
E001504,T001602,发生于,0.9,EVENT_OCCURS_AT
E001515,T001604,发生于,0.9,EVENT_OCCURS_AT
E001516,T001605,发生于,0.9,EVENT_OCCURS_AT
E001517,T001606,发生于,0.9,EVENT_OCCURS_AT
E001518,T001328,发生于,0.9,EVENT_OCCURS_AT
E001519,T000326,发生于,0.9,EVENT_OCCURS_AT
E001520,T000326,发生于,0.9,EVENT_OCCURS_AT
E001521,T001607,发生于,0.9,EVENT_OCCURS_AT
E001522,T001608,发生于,0.9,EVENT_OCCURS_AT
E001523,T001609,发生于,0.9,EVENT_OCCURS_AT
E001524,T001610,发生于,0.9,EVENT_OCCURS_AT
E001525,T001610,发生于,0.9,EVENT_OCCURS_AT
E001526,T000773,发生于,0.9,EVENT_OCCURS_AT
E001528,T000777,发生于,0.9,EVENT_OCCURS_AT
E001529,T001613,发生于,0.9,EVENT_OCCURS_AT
E001530,T001615,发生于,0.9,EVENT_OCCURS_AT
E001531,T001616,发生于,0.9,EVENT_OCCURS_AT
E001532,T001617,发生于,0.9,EVENT_OCCURS_AT
E001533,T001618,发生于,0.9,EVENT_OCCURS_AT
E001534,T001619,发生于,0.9,EVENT_OCCURS_AT
E001535,T001620,发生于,0.9,EVENT_OCCURS_AT
E001536,T001621,发生于,0.9,EVENT_OCCURS_AT
E001537,T001622,发生于,0.9,EVENT_OCCURS_AT
E001538,T001623,发生于,0.9,EVENT_OCCURS_AT
E001539,T001624,发生于,0.9,EVENT_OCCURS_AT
E001541,T001625,发生于,0.9,EVENT_OCCURS_AT
E001542,T001626,发生于,0.9,EVENT_OCCURS_AT
E001543,T001627,发生于,0.9,EVENT_OCCURS_AT
E001544,T001628,发生于,0.9,EVENT_OCCURS_AT
E001545,T001629,发生于,0.9,EVENT_OCCURS_AT
E001546,T001630,发生于,0.9,EVENT_OCCURS_AT
E001547,T001631,发生于,0.9,EVENT_OCCURS_AT
E001548,T001632,发生于,0.9,EVENT_OCCURS_AT
E001549,T001632,发生于,0.9,EVENT_OCCURS_AT
E001550,T001633,发生于,0.9,EVENT_OCCURS_AT
E001551,T001634,发生于,0.9,EVENT_OCCURS_AT
E001552,T001635,发生于,0.9,EVENT_OCCURS_AT
E001553,T001634,发生于,0.9,EVENT_OCCURS_AT
E001554,T001636,发生于,0.9,EVENT_OCCURS_AT
E001555,T001638,发生于,0.9,EVENT_OCCURS_AT
E001556,T001639,发生于,0.9,EVENT_OCCURS_AT
E001557,T001640,发生于,0.9,EVENT_OCCURS_AT
E001558,T001641,发生于,0.9,EVENT_OCCURS_AT
E001559,T001642,发生于,0.9,EVENT_OCCURS_AT
E001560,T001643,发生于,0.9,EVENT_OCCURS_AT
E001561,T001644,发生于,0.9,EVENT_OCCURS_AT
E001562,T001645,发生于,0.9,EVENT_OCCURS_AT
E001563,T001646,发生于,0.9,EVENT_OCCURS_AT
E001564,T001647,发生于,0.9,EVENT_OCCURS_AT
E001565,T001648,发生于,0.9,EVENT_OCCURS_AT
E001566,T001649,发生于,0.9,EVENT_OCCURS_AT
E001567,T001655,发生于,0.9,EVENT_OCCURS_AT
E001568,T001661,发生于,0.9,EVENT_OCCURS_AT
E001569,T001666,发生于,0.9,EVENT_OCCURS_AT
E001570,T001670,发生于,0.9,EVENT_OCCURS_AT
E001571,T001672,发生于,0.9,EVENT_OCCURS_AT
E001573,T001673,发生于,0.9,EVENT_OCCURS_AT
E001574,T001674,发生于,0.9,EVENT_OCCURS_AT
E001576,T000849,发生于,0.9,EVENT_OCCURS_AT
E001577,T001675,发生于,0.9,EVENT_OCCURS_AT
E001578,T001676,发生于,0.9,EVENT_OCCURS_AT
E001579,T001677,发生于,0.9,EVENT_OCCURS_AT
E001580,T001678,发生于,0.9,EVENT_OCCURS_AT
E001581,T001679,发生于,0.9,EVENT_OCCURS_AT
E001582,T001680,发生于,0.9,EVENT_OCCURS_AT
E001583,T001681,发生于,0.9,EVENT_OCCURS_AT
E001584,T000851,发生于,0.9,EVENT_OCCURS_AT
E001586,T001682,发生于,0.9,EVENT_OCCURS_AT
E001587,T000854,发生于,0.9,EVENT_OCCURS_AT
E001588,T000855,发生于,0.9,EVENT_OCCURS_AT
E001589,T001683,发生于,0.9,EVENT_OCCURS_AT
E001590,T001683,发生于,0.9,EVENT_OCCURS_AT
E001591,T001684,发生于,0.9,EVENT_OCCURS_AT
E001592,T001687,发生于,0.9,EVENT_OCCURS_AT
E001593,T001690,发生于,0.9,EVENT_OCCURS_AT
E001594,T001692,发生于,0.9,EVENT_OCCURS_AT
E001595,T001693,发生于,0.9,EVENT_OCCURS_AT
E001596,T000270,发生于,0.9,EVENT_OCCURS_AT
E001597,T001705,发生于,0.9,EVENT_OCCURS_AT
E001598,T001718,发生于,0.9,EVENT_OCCURS_AT
E001599,T001719,发生于,0.9,EVENT_OCCURS_AT
E001600,T001720,发生于,0.9,EVENT_OCCURS_AT
E001601,T001720,发生于,0.9,EVENT_OCCURS_AT
E001602,T001721,发生于,0.9,EVENT_OCCURS_AT
E001603,T001722,发生于,0.9,EVENT_OCCURS_AT
E001604,T001723,发生于,0.9,EVENT_OCCURS_AT
E001605,T001724,发生于,0.9,EVENT_OCCURS_AT
E001606,T001724,发生于,0.9,EVENT_OCCURS_AT
E001607,T001726,发生于,0.9,EVENT_OCCURS_AT
E001608,T001727,发生于,0.9,EVENT_OCCURS_AT
E001609,T001728,发生于,0.9,EVENT_OCCURS_AT
E001610,T001729,发生于,0.9,EVENT_OCCURS_AT
E001611,T001730,发生于,0.9,EVENT_OCCURS_AT
E001612,T001731,发生于,0.9,EVENT_OCCURS_AT
E001613,T001732,发生于,0.9,EVENT_OCCURS_AT
E001614,T001733,发生于,0.9,EVENT_OCCURS_AT
E001615,T001734,发生于,0.9,EVENT_OCCURS_AT
E001616,T001735,发生于,0.9,EVENT_OCCURS_AT
E001618,T001736,发生于,0.9,EVENT_OCCURS_AT
E001619,T001736,发生于,0.9,EVENT_OCCURS_AT
E001620,T001737,发生于,0.9,EVENT_OCCURS_AT
E001621,T001738,发生于,0.9,EVENT_OCCURS_AT
E001622,T001739,发生于,0.9,EVENT_OCCURS_AT
E001624,T001740,发生于,0.9,EVENT_OCCURS_AT
E001625,T001741,发生于,0.9,EVENT_OCCURS_AT
E001626,T001742,发生于,0.9,EVENT_OCCURS_AT
E001627,T001743,发生于,0.9,EVENT_OCCURS_AT
E001628,T001744,发生于,0.9,EVENT_OCCURS_AT
E001640,T001745,发生于,0.9,EVENT_OCCURS_AT
E001641,T001609,发生于,0.9,EVENT_OCCURS_AT
E001643,T001610,发生于,0.9,EVENT_OCCURS_AT
E001647,T001741,发生于,0.95,EVENT_OCCURS_AT
E001648,T001757,发生于,0.95,EVENT_OCCURS_AT
E001649,T001757,发生于,0.95,EVENT_OCCURS_AT
E001650,T001772,发生于,0.95,EVENT_OCCURS_AT
E001651,T001774,发生于,0.95,EVENT_OCCURS_AT
E001653,T001785,发生于,0.95,EVENT_OCCURS_AT
E001654,T000050,发生于,0.9,EVENT_OCCURS_AT
E001655,T001800,发生于,0.95,EVENT_OCCURS_AT
E001656,T001801,发生于,0.9,EVENT_OCCURS_AT
E001657,T001808,发生于,0.95,EVENT_OCCURS_AT
E001658,T001811,发生于,0.95,EVENT_OCCURS_AT
E001659,T001806,发生于,0.95,EVENT_OCCURS_AT
E001660,T001815,发生于,0.9,EVENT_OCCURS_AT
E001661,T001816,发生于,0.9,EVENT_OCCURS_AT
E001662,T001817,发生于,0.9,EVENT_OCCURS_AT
E001663,T001818,发生于,0.9,EVENT_OCCURS_AT
E001664,T001819,发生于,0.9,EVENT_OCCURS_AT
E001665,T001820,发生于,0.9,EVENT_OCCURS_AT
E001666,T001821,发生于,0.9,EVENT_OCCURS_AT
E001667,T001822,发生于,0.9,EVENT_OCCURS_AT
E001668,T001823,发生于,0.9,EVENT_OCCURS_AT
E001669,T001824,发生于,0.9,EVENT_OCCURS_AT
E001670,T001825,发生于,0.9,EVENT_OCCURS_AT
E001671,T001826,发生于,0.9,EVENT_OCCURS_AT
E001672,T001827,发生于,0.9,EVENT_OCCURS_AT
E001673,T001828,发生于,0.9,EVENT_OCCURS_AT
E001674,T001830,发生于,0.9,EVENT_OCCURS_AT
E001675,T001831,发生于,0.9,EVENT_OCCURS_AT
E001678,T001840,发生于,0.9,EVENT_OCCURS_AT
E001679,T001841,发生于,0.9,EVENT_OCCURS_AT
E001680,T001842,发生于,0.9,EVENT_OCCURS_AT
E001681,T000909,发生于,0.9,EVENT_OCCURS_AT
E001682,T001844,发生于,0.9,EVENT_OCCURS_AT
E001683,T001845,发生于,0.9,EVENT_OCCURS_AT
E001684,T001846,发生于,0.9,EVENT_OCCURS_AT
E001685,T001847,发生于,0.9,EVENT_OCCURS_AT
E001686,T001849,发生于,0.9,EVENT_OCCURS_AT
E001687,T001850,发生于,0.9,EVENT_OCCURS_AT
E001689,T001852,发生于,0.9,EVENT_OCCURS_AT
E001691,T001853,发生于,0.9,EVENT_OCCURS_AT
E001692,T001854,发生于,0.9,EVENT_OCCURS_AT
E001693,T001855,发生于,0.9,EVENT_OCCURS_AT
E001694,T001856,发生于,0.9,EVENT_OCCURS_AT
E001695,T001857,发生于,0.9,EVENT_OCCURS_AT
E001696,T001858,发生于,0.9,EVENT_OCCURS_AT
E001697,T001859,发生于,0.9,EVENT_OCCURS_AT
E001698,T001860,发生于,0.9,EVENT_OCCURS_AT
E001699,T001861,发生于,0.9,EVENT_OCCURS_AT
E001704,T001865,发生于,0.95,EVENT_OCCURS_AT
E001705,T001866,发生于,0.9,EVENT_OCCURS_AT
E001706,T001867,发生于,0.9,EVENT_OCCURS_AT
E001707,T000536,发生于,0.95,EVENT_OCCURS_AT
E001710,T001872,发生于,0.9,EVENT_OCCURS_AT
E001711,T001873,发生于,0.95,EVENT_OCCURS_AT
E001712,T001772,发生于,0.95,EVENT_OCCURS_AT
E001713,T001876,发生于,0.9,EVENT_OCCURS_AT
E001715,T001879,发生于,0.9,EVENT_OCCURS_AT
E001717,T001886,发生于,0.9,EVENT_OCCURS_AT
E001719,T001887,发生于,0.9,EVENT_OCCURS_AT
E001720,T001887,发生于,0.9,EVENT_OCCURS_AT
E001721,T001888,发生于,0.9,EVENT_OCCURS_AT
E001722,T001890,发生于,0.9,EVENT_OCCURS_AT
E001723,T001908,发生于,0.9,EVENT_OCCURS_AT
E001727,T001912,发生于,0.9,EVENT_OCCURS_AT
E001728,T001912,发生于,0.9,EVENT_OCCURS_AT
E001729,T001912,发生于,0.9,EVENT_OCCURS_AT
E001730,T001913,发生于,0.9,EVENT_OCCURS_AT
E001731,T001914,发生于,0.9,EVENT_OCCURS_AT
E001732,T001915,发生于,0.9,EVENT_OCCURS_AT
E001733,T001915,发生于,0.9,EVENT_OCCURS_AT
E001734,T001915,发生于,0.9,EVENT_OCCURS_AT
E001735,T001916,发生于,0.9,EVENT_OCCURS_AT
E001736,T001916,发生于,0.9,EVENT_OCCURS_AT
E001737,T001917,发生于,0.9,EVENT_OCCURS_AT
E001738,T001917,发生于,0.9,EVENT_OCCURS_AT
E001739,T001918,发生于,0.9,EVENT_OCCURS_AT
E001740,T001919,发生于,0.9,EVENT_OCCURS_AT
E001741,T001919,发生于,0.9,EVENT_OCCURS_AT
E001742,T001920,发生于,0.9,EVENT_OCCURS_AT
E001743,T001921,发生于,0.9,EVENT_OCCURS_AT
E001744,T001922,发生于,0.9,EVENT_OCCURS_AT
E001745,T001923,发生于,0.9,EVENT_OCCURS_AT
E001746,T001924,发生于,0.9,EVENT_OCCURS_AT
E001747,T001925,发生于,0.9,EVENT_OCCURS_AT
E001748,T001926,发生于,0.9,EVENT_OCCURS_AT
E001749,T001927,发生于,0.9,EVENT_OCCURS_AT
E001750,T001928,发生于,0.9,EVENT_OCCURS_AT
E001751,T001929,发生于,0.9,EVENT_OCCURS_AT
E001752,T000073,发生于,0.9,EVENT_OCCURS_AT
E001754,T001932,发生于,0.9,EVENT_OCCURS_AT
E001755,T001933,发生于,0.9,EVENT_OCCURS_AT
E001756,T001934,发生于,0.9,EVENT_OCCURS_AT
E001757,T001935,发生于,0.9,EVENT_OCCURS_AT
E001760,T001936,发生于,0.9,EVENT_OCCURS_AT
E001761,T001937,发生于,0.9,EVENT_OCCURS_AT
E001762,T001938,发生于,0.9,EVENT_OCCURS_AT
E001764,T001939,发生于,0.9,EVENT_OCCURS_AT
E001765,T001940,发生于,0.9,EVENT_OCCURS_AT
E001766,T001941,发生于,0.9,EVENT_OCCURS_AT
E001769,T001945,发生于,0.9,EVENT_OCCURS_AT
E001770,T001946,发生于,0.9,EVENT_OCCURS_AT
E001771,T001947,发生于,0.9,EVENT_OCCURS_AT
E001772,T001948,发生于,0.9,EVENT_OCCURS_AT
E001773,T001949,发生于,0.9,EVENT_OCCURS_AT
E001774,T001950,发生于,0.9,EVENT_OCCURS_AT
E001775,T001951,发生于,0.9,EVENT_OCCURS_AT
E001776,T001952,发生于,0.9,EVENT_OCCURS_AT
E001777,T001953,发生于,0.9,EVENT_OCCURS_AT
E001778,T001954,发生于,0.9,EVENT_OCCURS_AT
E001779,T001955,发生于,0.9,EVENT_OCCURS_AT
E001780,T001956,发生于,0.9,EVENT_OCCURS_AT
E001781,T001957,发生于,0.9,EVENT_OCCURS_AT
E001782,T001958,发生于,0.9,EVENT_OCCURS_AT
E001783,T001959,发生于,0.9,EVENT_OCCURS_AT
E001784,T001960,发生于,0.9,EVENT_OCCURS_AT
E001785,T001960,发生于,0.9,EVENT_OCCURS_AT
E001786,T001962,发生于,0.9,EVENT_OCCURS_AT
E001787,T001963,发生于,0.9,EVENT_OCCURS_AT
E001788,T001963,发生于,0.9,EVENT_OCCURS_AT
E001789,T001964,发生于,0.9,EVENT_OCCURS_AT
E001790,T001965,发生于,0.9,EVENT_OCCURS_AT
E001791,T001966,发生于,0.9,EVENT_OCCURS_AT
E001792,T001967,发生于,0.9,EVENT_OCCURS_AT
E001793,T001968,发生于,0.9,EVENT_OCCURS_AT
E001794,T001968,发生于,0.9,EVENT_OCCURS_AT
E001795,T001969,发生于,0.9,EVENT_OCCURS_AT
E001796,T001970,发生于,0.9,EVENT_OCCURS_AT
E001797,T001971,发生于,0.9,EVENT_OCCURS_AT
E001798,T001972,发生于,0.9,EVENT_OCCURS_AT
E001799,T001973,发生于,0.9,EVENT_OCCURS_AT
E001800,T001974,发生于,0.9,EVENT_OCCURS_AT
E001801,T001977,发生于,0.9,EVENT_OCCURS_AT
E001802,T001978,发生于,0.9,EVENT_OCCURS_AT
E001803,T001979,发生于,0.9,EVENT_OCCURS_AT
E001804,T001980,发生于,0.9,EVENT_OCCURS_AT
E001805,T001980,发生于,0.9,EVENT_OCCURS_AT
E001806,T001981,发生于,0.9,EVENT_OCCURS_AT
E001807,T001982,发生于,0.9,EVENT_OCCURS_AT
E001808,T001982,发生于,0.9,EVENT_OCCURS_AT
E001809,T001983,发生于,0.9,EVENT_OCCURS_AT
E001810,T001987,发生于,0.9,EVENT_OCCURS_AT
E001811,T001988,发生于,0.9,EVENT_OCCURS_AT
E001812,T001989,发生于,0.9,EVENT_OCCURS_AT
E001813,T001990,发生于,0.9,EVENT_OCCURS_AT
E001814,T001991,发生于,0.9,EVENT_OCCURS_AT
E001815,T001992,发生于,0.9,EVENT_OCCURS_AT
E001816,T001993,发生于,0.9,EVENT_OCCURS_AT
E001817,T001994,发生于,0.9,EVENT_OCCURS_AT
E001818,T001995,发生于,0.85,EVENT_OCCURS_AT
E001820,T001996,发生于,0.9,EVENT_OCCURS_AT
E001821,T001997,发生于,0.9,EVENT_OCCURS_AT
E001822,T001998,发生于,0.9,EVENT_OCCURS_AT
E001823,T001999,发生于,0.9,EVENT_OCCURS_AT
E001824,T002000,发生于,0.9,EVENT_OCCURS_AT
E001825,T002001,发生于,0.9,EVENT_OCCURS_AT
E001826,T002002,发生于,0.9,EVENT_OCCURS_AT
E001827,T002003,发生于,0.9,EVENT_OCCURS_AT
E001828,T002004,发生于,0.9,EVENT_OCCURS_AT
E001830,T002005,发生于,0.9,EVENT_OCCURS_AT
E001831,T002006,发生于,0.9,EVENT_OCCURS_AT
E001832,T002007,发生于,0.9,EVENT_OCCURS_AT
E001833,T002008,发生于,0.9,EVENT_OCCURS_AT
E001834,T002009,发生于,0.9,EVENT_OCCURS_AT
E001835,T002010,发生于,0.9,EVENT_OCCURS_AT
E001836,T002011,发生于,0.9,EVENT_OCCURS_AT
E001837,T002012,发生于,0.9,EVENT_OCCURS_AT
E001838,T002013,发生于,0.9,EVENT_OCCURS_AT
E001839,T002014,发生于,0.9,EVENT_OCCURS_AT
E001840,T002015,发生于,0.9,EVENT_OCCURS_AT
E001841,T002016,发生于,0.9,EVENT_OCCURS_AT
E001842,T002017,发生于,0.9,EVENT_OCCURS_AT
E001843,T002018,发生于,0.9,EVENT_OCCURS_AT
E001844,T002019,发生于,0.9,EVENT_OCCURS_AT
E001845,T002020,发生于,0.9,EVENT_OCCURS_AT
E001846,T002021,发生于,0.9,EVENT_OCCURS_AT
E001847,T002021,发生于,0.9,EVENT_OCCURS_AT
E001848,T002022,发生于,0.9,EVENT_OCCURS_AT
E001849,T002023,发生于,0.9,EVENT_OCCURS_AT
E001850,T002024,发生于,0.9,EVENT_OCCURS_AT
E001851,T002025,发生于,0.9,EVENT_OCCURS_AT
E001853,T002027,发生于,0.9,EVENT_OCCURS_AT
E001854,T002028,发生于,0.9,EVENT_OCCURS_AT
E001855,T002029,发生于,0.9,EVENT_OCCURS_AT
E001856,T002030,发生于,0.9,EVENT_OCCURS_AT
E001857,T002031,发生于,0.9,EVENT_OCCURS_AT
E001858,T002032,发生于,0.9,EVENT_OCCURS_AT
E001859,T002033,发生于,0.9,EVENT_OCCURS_AT
E001860,T002034,发生于,0.9,EVENT_OCCURS_AT
E001861,T002035,发生于,0.9,EVENT_OCCURS_AT
E001862,T002036,发生于,0.9,EVENT_OCCURS_AT
E001863,T002037,发生于,0.9,EVENT_OCCURS_AT
E001864,T002038,发生于,0.9,EVENT_OCCURS_AT
E001865,T002039,发生于,0.9,EVENT_OCCURS_AT
E001866,T002040,发生于,0.9,EVENT_OCCURS_AT
E001867,T002040,发生于,0.9,EVENT_OCCURS_AT
E001868,T002041,发生于,0.9,EVENT_OCCURS_AT
E001869,T002042,发生于,0.9,EVENT_OCCURS_AT
E001870,T002043,发生于,0.9,EVENT_OCCURS_AT
E001872,T000273,发生于,0.9,EVENT_OCCURS_AT
E001874,T002046,发生于,0.9,EVENT_OCCURS_AT
E001876,T002049,发生于,0.9,EVENT_OCCURS_AT
E001877,T002051,发生于,0.9,EVENT_OCCURS_AT
E001878,T002051,发生于,0.9,EVENT_OCCURS_AT
E001879,T002052,发生于,0.9,EVENT_OCCURS_AT
E001880,T002053,发生于,0.9,EVENT_OCCURS_AT
E001881,T002054,发生于,0.9,EVENT_OCCURS_AT
E001882,T002054,发生于,0.9,EVENT_OCCURS_AT
E001884,T002057,发生于,0.9,EVENT_OCCURS_AT
E001886,T002058,发生于,0.9,EVENT_OCCURS_AT
E001887,T002060,发生于,0.95,EVENT_OCCURS_AT
E001888,T002061,发生于,0.95,EVENT_OCCURS_AT
E001889,T002065,发生于,0.95,EVENT_OCCURS_AT
E001890,T002066,发生于,0.95,EVENT_OCCURS_AT
E001891,T002069,发生于,0.95,EVENT_OCCURS_AT
E001893,T002078,发生于,0.95,EVENT_OCCURS_AT
E001894,T002082,发生于,0.9,EVENT_OCCURS_AT
E001895,T002083,发生于,0.9,EVENT_OCCURS_AT
E001896,T002084,发生于,0.9,EVENT_OCCURS_AT
E001897,T002085,发生于,0.9,EVENT_OCCURS_AT
E001898,T002086,发生于,0.9,EVENT_OCCURS_AT
E001899,T002087,发生于,0.9,EVENT_OCCURS_AT
E001900,T002088,发生于,0.9,EVENT_OCCURS_AT
E001901,T002089,发生于,0.9,EVENT_OCCURS_AT
E001902,T002090,发生于,0.9,EVENT_OCCURS_AT
E001904,T002091,发生于,0.9,EVENT_OCCURS_AT
E001905,T002092,发生于,0.9,EVENT_OCCURS_AT
E001906,T002093,发生于,0.9,EVENT_OCCURS_AT
E001907,T002094,发生于,0.9,EVENT_OCCURS_AT
E001908,T002095,发生于,0.9,EVENT_OCCURS_AT
E001909,T002096,发生于,0.9,EVENT_OCCURS_AT
E001910,T002097,发生于,0.9,EVENT_OCCURS_AT
E001911,T002098,发生于,0.9,EVENT_OCCURS_AT
E001912,T002098,发生于,0.9,EVENT_OCCURS_AT
E001914,T002099,发生于,0.9,EVENT_OCCURS_AT
E001915,T002100,发生于,0.9,EVENT_OCCURS_AT
E001916,T002101,发生于,0.9,EVENT_OCCURS_AT
E001917,T002102,发生于,0.9,EVENT_OCCURS_AT
E001918,T002104,发生于,0.9,EVENT_OCCURS_AT
E001921,T002105,发生于,0.9,EVENT_OCCURS_AT
E001922,T002106,发生于,0.9,EVENT_OCCURS_AT
E001923,T002107,发生于,0.9,EVENT_OCCURS_AT
E001924,T002108,发生于,0.9,EVENT_OCCURS_AT
E001925,T002109,发生于,0.9,EVENT_OCCURS_AT
E001926,T002110,发生于,0.9,EVENT_OCCURS_AT
E001927,T002111,发生于,0.9,EVENT_OCCURS_AT
E001928,T002112,发生于,0.9,EVENT_OCCURS_AT
E001929,T002113,发生于,0.9,EVENT_OCCURS_AT
E001930,T002114,发生于,0.9,EVENT_OCCURS_AT
E001931,T002115,发生于,0.9,EVENT_OCCURS_AT
E001932,T002116,发生于,0.9,EVENT_OCCURS_AT
E001933,T002117,发生于,0.9,EVENT_OCCURS_AT
E001934,T002118,发生于,0.9,EVENT_OCCURS_AT
E001935,T002119,发生于,0.9,EVENT_OCCURS_AT
E001936,T002119,发生于,0.9,EVENT_OCCURS_AT
E001937,T002120,发生于,0.9,EVENT_OCCURS_AT
E001938,T002121,发生于,0.9,EVENT_OCCURS_AT
E001939,T002122,发生于,0.9,EVENT_OCCURS_AT
E001940,T002123,发生于,0.9,EVENT_OCCURS_AT
E001942,T002126,发生于,0.9,EVENT_OCCURS_AT
E001943,T002127,发生于,0.9,EVENT_OCCURS_AT
E001944,T002130,发生于,0.9,EVENT_OCCURS_AT
E001945,T002132,发生于,0.9,EVENT_OCCURS_AT
E001948,T002146,发生于,0.9,EVENT_OCCURS_AT
E001949,T002148,发生于,0.95,EVENT_OCCURS_AT
E001950,T002150,发生于,0.95,EVENT_OCCURS_AT
E001951,T002156,发生于,0.95,EVENT_OCCURS_AT
E001952,T002160,发生于,0.95,EVENT_OCCURS_AT
E001953,T002161,发生于,0.95,EVENT_OCCURS_AT
E001954,T002166,发生于,0.95,EVENT_OCCURS_AT
E001955,T002174,发生于,0.95,EVENT_OCCURS_AT
E001956,T002175,发生于,0.9,EVENT_OCCURS_AT
E001957,T002176,发生于,0.9,EVENT_OCCURS_AT
E001958,T002177,发生于,0.9,EVENT_OCCURS_AT
E001959,T002178,发生于,0.9,EVENT_OCCURS_AT
E001960,T002179,发生于,0.9,EVENT_OCCURS_AT
E001961,T002180,发生于,0.9,EVENT_OCCURS_AT
E001962,T002181,发生于,0.9,EVENT_OCCURS_AT
E001963,T002182,发生于,0.9,EVENT_OCCURS_AT
E001964,T002183,发生于,0.9,EVENT_OCCURS_AT
E001965,T002184,发生于,0.9,EVENT_OCCURS_AT
E001966,T002185,发生于,0.9,EVENT_OCCURS_AT
E001967,T002185,发生于,0.9,EVENT_OCCURS_AT
E001968,T002186,发生于,0.9,EVENT_OCCURS_AT
E001969,T002187,发生于,0.9,EVENT_OCCURS_AT
E001970,T002188,发生于,0.9,EVENT_OCCURS_AT
E001971,T002189,发生于,0.9,EVENT_OCCURS_AT
E001972,T002190,发生于,0.9,EVENT_OCCURS_AT
E001973,T002191,发生于,0.9,EVENT_OCCURS_AT
E001974,T002192,发生于,0.9,EVENT_OCCURS_AT
E001975,T002192,发生于,0.9,EVENT_OCCURS_AT
E001976,T002193,发生于,0.9,EVENT_OCCURS_AT
E001977,T002194,发生于,0.9,EVENT_OCCURS_AT
E001978,T002195,发生于,0.9,EVENT_OCCURS_AT
E001979,T002196,发生于,0.9,EVENT_OCCURS_AT
E001980,T002197,发生于,0.9,EVENT_OCCURS_AT
E001981,T002198,发生于,0.9,EVENT_OCCURS_AT
E001982,T002199,发生于,0.9,EVENT_OCCURS_AT
E001983,T002201,发生于,0.9,EVENT_OCCURS_AT
E001984,T002202,发生于,0.9,EVENT_OCCURS_AT
E001985,T002203,发生于,0.9,EVENT_OCCURS_AT
E001986,T002204,发生于,0.9,EVENT_OCCURS_AT
E001987,T002205,发生于,0.9,EVENT_OCCURS_AT
E001988,T002206,发生于,0.9,EVENT_OCCURS_AT
E001989,T002207,发生于,0.9,EVENT_OCCURS_AT
E001990,T002208,发生于,0.9,EVENT_OCCURS_AT
E001991,T002209,发生于,0.9,EVENT_OCCURS_AT
E001992,T002210,发生于,0.9,EVENT_OCCURS_AT
E001993,T002211,发生于,0.9,EVENT_OCCURS_AT
E001994,T002212,发生于,0.9,EVENT_OCCURS_AT
E001995,T002213,发生于,0.9,EVENT_OCCURS_AT
E001996,T002214,发生于,0.9,EVENT_OCCURS_AT
E001997,T002215,发生于,0.9,EVENT_OCCURS_AT
E001998,T002216,发生于,0.9,EVENT_OCCURS_AT
E001999,T002200,发生于,0.9,EVENT_OCCURS_AT
E002000,T002218,发生于,0.95,EVENT_OCCURS_AT
E002001,T002219,发生于,0.95,EVENT_OCCURS_AT
E002002,T002220,发生于,0.95,EVENT_OCCURS_AT
E002003,T002221,发生于,0.95,EVENT_OCCURS_AT
E002004,T002222,发生于,0.95,EVENT_OCCURS_AT
E002005,T002223,发生于,0.95,EVENT_OCCURS_AT
E002006,T002223,发生于,0.95,EVENT_OCCURS_AT
E002007,T002224,发生于,0.95,EVENT_OCCURS_AT
E002009,T002225,发生于,0.95,EVENT_OCCURS_AT
E002010,T002226,发生于,0.95,EVENT_OCCURS_AT
E002011,T002227,发生于,0.95,EVENT_OCCURS_AT
E002012,T002227,发生于,0.95,EVENT_OCCURS_AT
E002013,T002228,发生于,0.95,EVENT_OCCURS_AT
E002014,T002229,发生于,0.95,EVENT_OCCURS_AT
E002015,T002230,发生于,0.95,EVENT_OCCURS_AT
E002016,T002231,发生于,0.95,EVENT_OCCURS_AT
E002017,T002232,发生于,0.95,EVENT_OCCURS_AT
E002019,T002233,发生于,0.95,EVENT_OCCURS_AT
E002020,T002234,发生于,0.95,EVENT_OCCURS_AT
E002021,T002235,发生于,0.95,EVENT_OCCURS_AT
E002022,T002236,发生于,0.95,EVENT_OCCURS_AT
E002023,T002237,发生于,0.95,EVENT_OCCURS_AT
E002024,T002238,发生于,0.95,EVENT_OCCURS_AT
E002025,T002237,发生于,0.95,EVENT_OCCURS_AT
E002026,T002239,发生于,0.95,EVENT_OCCURS_AT
E002027,T002240,发生于,0.95,EVENT_OCCURS_AT
E002028,T002241,发生于,0.95,EVENT_OCCURS_AT
E002029,T002242,发生于,0.95,EVENT_OCCURS_AT
E002030,T002243,发生于,0.95,EVENT_OCCURS_AT
E002031,T002217,发生于,0.95,EVENT_OCCURS_AT
E002032,T002217,发生于,0.9,EVENT_OCCURS_AT
E002033,T002244,发生于,0.9,EVENT_OCCURS_AT
E002034,T002244,发生于,0.9,EVENT_OCCURS_AT
E002035,T002245,发生于,0.9,EVENT_OCCURS_AT
E002036,T002246,发生于,0.9,EVENT_OCCURS_AT
E002037,T002247,发生于,0.9,EVENT_OCCURS_AT
E002038,T002248,发生于,0.9,EVENT_OCCURS_AT
E002039,T002249,发生于,0.9,EVENT_OCCURS_AT
E002040,T002250,发生于,0.9,EVENT_OCCURS_AT
E002042,T002251,发生于,0.9,EVENT_OCCURS_AT
E002043,T002252,发生于,0.9,EVENT_OCCURS_AT
E002044,T002255,发生于,0.9,EVENT_OCCURS_AT
E002045,T002256,发生于,0.9,EVENT_OCCURS_AT
E002046,T002257,发生于,0.9,EVENT_OCCURS_AT
E002049,T002262,发生于,0.9,EVENT_OCCURS_AT
E002050,T002254,发生于,0.9,EVENT_OCCURS_AT
E002052,T002265,发生于,0.9,EVENT_OCCURS_AT
E002053,T002254,发生于,0.9,EVENT_OCCURS_AT
E002054,T002254,发生于,0.9,EVENT_OCCURS_AT
E002055,T002254,发生于,0.9,EVENT_OCCURS_AT
E002056,T002267,发生于,0.9,EVENT_OCCURS_AT
E002057,T002268,发生于,0.9,EVENT_OCCURS_AT
E002058,T002270,发生于,0.9,EVENT_OCCURS_AT
E002059,T002271,发生于,0.9,EVENT_OCCURS_AT
E002064,T000335,发生于,0.95,EVENT_OCCURS_AT
E002067,T002297,发生于,0.9,EVENT_OCCURS_AT
E002069,T000354,发生于,0.9,EVENT_OCCURS_AT
E002070,T002298,发生于,0.9,EVENT_OCCURS_AT
E002072,T002300,发生于,0.9,EVENT_OCCURS_AT
E002073,T002301,发生于,0.9,EVENT_OCCURS_AT
E002075,T002304,发生于,0.9,EVENT_OCCURS_AT
E002076,T002306,发生于,0.9,EVENT_OCCURS_AT
E002077,T002307,发生于,0.9,EVENT_OCCURS_AT
E002078,T002308,发生于,0.9,EVENT_OCCURS_AT
E002079,T002313,发生于,0.9,EVENT_OCCURS_AT
E002082,T002318,发生于,0.9,EVENT_OCCURS_AT
E002083,T002320,发生于,0.9,EVENT_OCCURS_AT
E002085,T002321,发生于,0.9,EVENT_OCCURS_AT
E002087,T002317,发生于,0.9,EVENT_OCCURS_AT
E002088,T002317,发生于,0.9,EVENT_OCCURS_AT
E002089,T002317,发生于,0.9,EVENT_OCCURS_AT
E002090,T002322,发生于,0.9,EVENT_OCCURS_AT
E002093,T002317,发生于,0.9,EVENT_OCCURS_AT
E002094,T002325,发生于,0.9,EVENT_OCCURS_AT
E002095,T002326,发生于,0.9,EVENT_OCCURS_AT
E002096,T002317,发生于,0.9,EVENT_OCCURS_AT
E002097,T002317,发生于,0.9,EVENT_OCCURS_AT
E002098,T002331,发生于,0.9,EVENT_OCCURS_AT
E002099,T002332,发生于,0.9,EVENT_OCCURS_AT
E002100,T002333,发生于,0.9,EVENT_OCCURS_AT
E002101,T002334,发生于,0.9,EVENT_OCCURS_AT
E002106,T002341,发生于,0.9,EVENT_OCCURS_AT
E002108,T002330,发生于,0.9,EVENT_OCCURS_AT
E002109,T002343,发生于,0.95,EVENT_OCCURS_AT
E002110,T002344,发生于,0.95,EVENT_OCCURS_AT
E002111,T002345,发生于,0.95,EVENT_OCCURS_AT
E002116,T002359,发生于,0.95,EVENT_OCCURS_AT
E002123,T000447,发生于,0.9,EVENT_OCCURS_AT
E002124,T000448,发生于,0.9,EVENT_OCCURS_AT
E002127,T000451,发生于,0.9,EVENT_OCCURS_AT
E002129,T000455,发生于,0.9,EVENT_OCCURS_AT
E002130,T000456,发生于,0.9,EVENT_OCCURS_AT
E002133,T002372,发生于,0.95,EVENT_OCCURS_AT
E002134,T002373,发生于,0.95,EVENT_OCCURS_AT
E002135,T002377,发生于,0.95,EVENT_OCCURS_AT
E002136,T002378,发生于,0.95,EVENT_OCCURS_AT
E002139,T002391,发生于,0.95,EVENT_OCCURS_AT
E002141,T002400,发生于,0.99,EVENT_OCCURS_AT
E002142,T002401,发生于,0.99,EVENT_OCCURS_AT
E002143,T002402,发生于,0.99,EVENT_OCCURS_AT
E002144,T002403,发生于,0.99,EVENT_OCCURS_AT
E002145,T002399,发生于,0.99,EVENT_OCCURS_AT
E002146,T002399,发生于,0.99,EVENT_OCCURS_AT
E002147,T002406,发生于,0.99,EVENT_OCCURS_AT
E002148,T002405,发生于,0.99,EVENT_OCCURS_AT
E002149,T002399,发生于,0.99,EVENT_OCCURS_AT
E002150,T002399,发生于,0.99,EVENT_OCCURS_AT
E002151,T002399,发生于,0.99,EVENT_OCCURS_AT
E002152,T002399,发生于,0.99,EVENT_OCCURS_AT
E002153,T002420,发生于,0.99,EVENT_OCCURS_AT
E002154,T002421,发生于,0.99,EVENT_OCCURS_AT
E002155,T002399,发生于,0.99,EVENT_OCCURS_AT
E002156,T002422,发生于,0.9,EVENT_OCCURS_AT
E002157,T002427,发生于,0.95,EVENT_OCCURS_AT
E002158,T002425,发生于,0.9,EVENT_OCCURS_AT
E002159,T002426,发生于,0.9,EVENT_OCCURS_AT
E002162,T002432,发生于,0.9,EVENT_OCCURS_AT
E002164,T002434,发生于,0.95,EVENT_OCCURS_AT
E002165,T002436,发生于,0.95,EVENT_OCCURS_AT
E002166,T002437,发生于,0.95,EVENT_OCCURS_AT
E002167,T002435,发生于,0.9,EVENT_OCCURS_AT
E002169,T002435,发生于,0.9,EVENT_OCCURS_AT
E002171,T002439,发生于,0.95,EVENT_OCCURS_AT
E002172,T002445,发生于,0.95,EVENT_OCCURS_AT
E002173,T002451,发生于,0.9,EVENT_OCCURS_AT
E002174,T002450,发生于,0.9,EVENT_OCCURS_AT
E002175,T002452,发生于,0.9,EVENT_OCCURS_AT
E002176,T002450,发生于,0.9,EVENT_OCCURS_AT
E002177,T002454,发生于,0.9,EVENT_OCCURS_AT
E002178,T002459,发生于,0.9,EVENT_OCCURS_AT
E002179,T002461,发生于,0.9,EVENT_OCCURS_AT
E002181,T002468,发生于,0.9,EVENT_OCCURS_AT
E002182,T002450,发生于,0.9,EVENT_OCCURS_AT
E002183,T002450,发生于,0.9,EVENT_OCCURS_AT
E002184,T002471,发生于,0.9,EVENT_OCCURS_AT
E002190,T002474,发生于,0.9,EVENT_OCCURS_AT
E002191,T002477,发生于,0.9,EVENT_OCCURS_AT
E002192,T002478,发生于,0.9,EVENT_OCCURS_AT
E002193,T002480,发生于,0.9,EVENT_OCCURS_AT
E002194,T002482,发生于,0.9,EVENT_OCCURS_AT
E002195,T002483,发生于,0.9,EVENT_OCCURS_AT
E002197,T002491,发生于,0.9,EVENT_OCCURS_AT
E002198,T002493,发生于,0.9,EVENT_OCCURS_AT
E002199,T002494,发生于,0.9,EVENT_OCCURS_AT
E002200,T002497,发生于,0.9,EVENT_OCCURS_AT
E002201,T002498,发生于,0.95,EVENT_OCCURS_AT
E002204,T002497,发生于,0.95,EVENT_OCCURS_AT
E002205,T002502,发生于,0.95,EVENT_OCCURS_AT
E002206,T002508,发生于,0.95,EVENT_OCCURS_AT
E002207,T002509,发生于,0.95,EVENT_OCCURS_AT
E002208,T002504,发生于,0.95,EVENT_OCCURS_AT
E002210,T002497,发生于,0.9,EVENT_OCCURS_AT
E002211,T002518,发生于,0.95,EVENT_OCCURS_AT
E002225,T001521,发生于,0.9,EVENT_OCCURS_AT
E002231,T002559,发生于,0.95,EVENT_OCCURS_AT
E002233,T002560,发生于,0.95,EVENT_OCCURS_AT
E002234,T002561,发生于,0.9,EVENT_OCCURS_AT
E002236,T002569,发生于,0.95,EVENT_OCCURS_AT
E002237,T002571,发生于,0.95,EVENT_OCCURS_AT
E002238,T002572,发生于,0.9,EVENT_OCCURS_AT
E002241,T002576,发生于,0.95,EVENT_OCCURS_AT
E002242,T002578,发生于,0.95,EVENT_OCCURS_AT
E002243,T002579,发生于,0.95,EVENT_OCCURS_AT
E002244,T002580,发生于,0.95,EVENT_OCCURS_AT
E002245,T002582,发生于,0.95,EVENT_OCCURS_AT
E002246,T002583,发生于,0.95,EVENT_OCCURS_AT
E002247,T002584,发生于,0.95,EVENT_OCCURS_AT
E002248,T002591,发生于,0.95,EVENT_OCCURS_AT
E002250,T001565,发生于,0.9,EVENT_OCCURS_AT
E002251,T001565,发生于,0.9,EVENT_OCCURS_AT
E002252,T001565,发生于,0.9,EVENT_OCCURS_AT
E002253,T000124,发生于,0.9,EVENT_OCCURS_AT
E002254,T002599,发生于,0.9,EVENT_OCCURS_AT
E002255,T002600,发生于,0.9,EVENT_OCCURS_AT
E002256,T000124,发生于,0.9,EVENT_OCCURS_AT
E002257,T002605,发生于,0.9,EVENT_OCCURS_AT
E002259,T000713,发生于,0.9,EVENT_OCCURS_AT
E002261,T002606,发生于,0.9,EVENT_OCCURS_AT
E002262,T002607,发生于,0.9,EVENT_OCCURS_AT
E002263,T002608,发生于,0.9,EVENT_OCCURS_AT
E002264,T002609,发生于,0.9,EVENT_OCCURS_AT
E002265,T002610,发生于,0.9,EVENT_OCCURS_AT
E002268,T000716,发生于,0.9,EVENT_OCCURS_AT
E002269,T000717,发生于,0.9,EVENT_OCCURS_AT
E002270,T000718,发生于,0.9,EVENT_OCCURS_AT
E002272,T002616,发生于,0.9,EVENT_OCCURS_AT
E002273,T002617,发生于,0.9,EVENT_OCCURS_AT
E002274,T000720,发生于,0.9,EVENT_OCCURS_AT
E002275,T002618,发生于,0.9,EVENT_OCCURS_AT
E002276,T000276,发生于,0.9,EVENT_OCCURS_AT
E002277,T000723,发生于,0.9,EVENT_OCCURS_AT
E002278,T002619,发生于,0.9,EVENT_OCCURS_AT
E002279,T002619,发生于,0.9,EVENT_OCCURS_AT
E002280,T002620,发生于,0.9,EVENT_OCCURS_AT
E002281,T002621,发生于,0.9,EVENT_OCCURS_AT
E002282,T002622,发生于,0.9,EVENT_OCCURS_AT
E002283,T000728,发生于,0.9,EVENT_OCCURS_AT
E002284,T000109,发生于,0.9,EVENT_OCCURS_AT
E002285,T002623,发生于,0.9,EVENT_OCCURS_AT
E002287,T002624,发生于,0.9,EVENT_OCCURS_AT
E002288,T002625,发生于,0.9,EVENT_OCCURS_AT
E002289,T002626,发生于,0.9,EVENT_OCCURS_AT
E002290,T000732,发生于,0.9,EVENT_OCCURS_AT
E002291,T000109,发生于,0.9,EVENT_OCCURS_AT
E002292,T002627,发生于,0.9,EVENT_OCCURS_AT
E002295,T000109,发生于,0.9,EVENT_OCCURS_AT
E002296,T000109,发生于,0.9,EVENT_OCCURS_AT
E002297,T000109,发生于,0.9,EVENT_OCCURS_AT
E002298,T002632,发生于,0.9,EVENT_OCCURS_AT
E002299,T002633,发生于,0.9,EVENT_OCCURS_AT
E002300,T001589,发生于,0.9,EVENT_OCCURS_AT
E002301,T002635,发生于,0.9,EVENT_OCCURS_AT
E002302,T001590,发生于,0.9,EVENT_OCCURS_AT
E002308,T002656,发生于,0.95,EVENT_OCCURS_AT
E002310,T002657,发生于,0.95,EVENT_OCCURS_AT
E002311,T002657,发生于,0.95,EVENT_OCCURS_AT
E002313,T002660,发生于,0.95,EVENT_OCCURS_AT
E002315,T002663,发生于,0.95,EVENT_OCCURS_AT
E002316,T002657,发生于,0.95,EVENT_OCCURS_AT
E002318,T002667,发生于,0.9,EVENT_OCCURS_AT
E002319,T002668,发生于,0.9,EVENT_OCCURS_AT
E002320,T002669,发生于,0.9,EVENT_OCCURS_AT
E002321,T002669,发生于,0.9,EVENT_OCCURS_AT
E002322,T002670,发生于,0.9,EVENT_OCCURS_AT
E002324,T002666,发生于,0.9,EVENT_OCCURS_AT
E002327,T002666,发生于,0.9,EVENT_OCCURS_AT
E002328,T002666,发生于,0.9,EVENT_OCCURS_AT
E002329,T002686,发生于,0.9,EVENT_OCCURS_AT
E002331,T002702,发生于,0.9,EVENT_OCCURS_AT
E002333,T002666,发生于,0.9,EVENT_OCCURS_AT
E002340,T002720,发生于,0.9,EVENT_OCCURS_AT
E002341,T002721,发生于,0.9,EVENT_OCCURS_AT
E002342,T002722,发生于,0.9,EVENT_OCCURS_AT
E002343,T002724,发生于,0.9,EVENT_OCCURS_AT
E002344,T002727,发生于,0.9,EVENT_OCCURS_AT
E002348,T002719,发生于,0.9,EVENT_OCCURS_AT
E002350,T002739,发生于,0.9,EVENT_OCCURS_AT
E002353,T000848,发生于,0.9,EVENT_OCCURS_AT
E002356,T002748,发生于,0.9,EVENT_OCCURS_AT
E002357,T002749,发生于,0.9,EVENT_OCCURS_AT
E002359,T000857,发生于,0.9,EVENT_OCCURS_AT
E002360,T002750,发生于,0.9,EVENT_OCCURS_AT
E002364,T002751,发生于,0.9,EVENT_OCCURS_AT
E002365,T000870,发生于,0.9,EVENT_OCCURS_AT
E002366,T000874,发生于,0.9,EVENT_OCCURS_AT
E002367,T002757,发生于,0.9,EVENT_OCCURS_AT
E002369,T000856,发生于,0.9,EVENT_OCCURS_AT
E002372,T002767,发生于,0.9,EVENT_OCCURS_AT
E002373,T000897,发生于,0.9,EVENT_OCCURS_AT
E002375,T000900,发生于,0.9,EVENT_OCCURS_AT
E002376,T000901,发生于,0.9,EVENT_OCCURS_AT
